,Mercado,Grupo alimenticio,Precio en pesos argentinos,Precio en d√≥lares,Fecha,Precio dolar hoy,Precio dolar real,Precio dolar supuesto
1,Buenos Aires,Wheat,0.25,0.0017,2005-01-15,2.9038,0.0861,147.0588
2,Buenos Aires,Wheat flour,0.52,0.0036,2005-01-15,2.9038,0.1791,144.4444
3,Rosario,Maize (yellow),0.17,0.0012,2005-01-15,2.9038,0.0585,141.6667
4,Buenos Aires,Wheat,0.26,0.0018,2005-02-15,2.9038,0.0895,144.4444
5,Buenos Aires,Wheat flour,0.53,0.0036,2005-02-15,2.9038,0.1825,147.2222
6,Rosario,Maize (yellow),0.18,0.0012,2005-02-15,2.9038,0.062,150.0
7,Buenos Aires,Wheat,0.31,0.0021,2005-03-15,2.9162,0.1063,147.619
8,Buenos Aires,Wheat flour,0.53,0.0036,2005-03-15,2.9162,0.1817,147.2222
9,Rosario,Maize (yellow),0.19,0.0013,2005-03-15,2.9162,0.0652,146.1538
10,Buenos Aires,Wheat,0.3,0.0021,2005-04-15,2.8987,0.1035,142.8571
11,Buenos Aires,Wheat flour,0.53,0.0036,2005-04-15,2.8987,0.1828,147.2222
12,Rosario,Maize (yellow),0.19,0.0013,2005-04-15,2.8987,0.0655,146.1538
13,Buenos Aires,Wheat,0.32,0.0022,2005-05-15,2.8987,0.1104,145.4545
14,Buenos Aires,Wheat flour,0.53,0.0036,2005-05-15,2.8987,0.1828,147.2222
15,Rosario,Maize (yellow),0.2,0.0013,2005-05-15,2.8987,0.069,153.8462
18,Rosario,Maize (yellow),0.2,0.0014,2005-06-15,2.8762,0.0695,142.8571
16,Buenos Aires,Wheat,0.3,0.0021,2005-06-15,2.8762,0.1043,142.8571
17,Buenos Aires,Wheat flour,0.53,0.0036,2005-06-15,2.8762,0.1843,147.2222
19,Buenos Aires,Wheat,0.32,0.0022,2005-07-15,2.8638,0.1117,145.4545
20,Buenos Aires,Wheat flour,0.53,0.0036,2005-07-15,2.8638,0.1851,147.2222
21,Rosario,Maize (yellow),0.23,0.0015,2005-07-15,2.8638,0.0803,153.3333
22,Buenos Aires,Wheat,0.32,0.0022,2005-08-15,2.8812,0.1111,145.4545
23,Buenos Aires,Wheat flour,0.54,0.0037,2005-08-15,2.8812,0.1874,145.9459
24,Rosario,Maize (yellow),0.22,0.0015,2005-08-15,2.8812,0.0764,146.6667
25,Buenos Aires,Wheat,0.31,0.0021,2005-09-15,2.9138,0.1064,147.619
26,Buenos Aires,Wheat flour,0.55,0.0038,2005-09-15,2.9138,0.1888,144.7368
27,Rosario,Maize (yellow),0.22,0.0015,2005-09-15,2.9138,0.0755,146.6667
30,Rosario,Maize (yellow),0.22,0.0015,2005-10-15,2.9138,0.0755,146.6667
28,Buenos Aires,Wheat,0.31,0.0022,2005-10-15,2.9138,0.1064,140.9091
29,Buenos Aires,Wheat flour,0.56,0.0039,2005-10-15,2.9138,0.1922,143.5897
33,Rosario,Maize (yellow),0.21,0.0014,2005-11-15,2.9512,0.0712,150.0
32,Buenos Aires,Wheat flour,0.56,0.0039,2005-11-15,2.9512,0.1898,143.5897
31,Buenos Aires,Wheat,0.31,0.0022,2005-11-15,2.9512,0.105,140.9091
34,Buenos Aires,Wheat,0.31,0.0021,2005-12-15,3.0137,0.1029,147.619
35,Buenos Aires,Wheat flour,0.57,0.0039,2005-12-15,3.0137,0.1891,146.1538
36,Buenos Aires,Wheat,0.34,0.0023,2006-01-15,3.0137,0.1128,147.8261
37,Buenos Aires,Wheat flour,0.57,0.0039,2006-01-15,3.0137,0.1891,146.1538
38,Rosario,Maize (yellow),0.24,0.0016,2006-01-15,3.0137,0.0796,150.0
39,Buenos Aires,Wheat,0.34,0.0024,2006-02-15,3.0713,0.1107,141.6667
40,Buenos Aires,Wheat flour,0.56,0.0039,2006-02-15,3.0713,0.1823,143.5897
41,Rosario,Maize (yellow),0.25,0.0017,2006-02-15,3.0713,0.0814,147.0588
42,Buenos Aires,Wheat,0.33,0.0022,2006-03-15,3.0713,0.1074,150.0
43,Buenos Aires,Wheat flour,0.56,0.0039,2006-03-15,3.0713,0.1823,143.5897
44,Rosario,Maize (yellow),0.24,0.0017,2006-03-15,3.0713,0.0781,141.1765
45,Buenos Aires,Wheat,0.34,0.0023,2006-04-15,3.0713,0.1107,147.8261
46,Buenos Aires,Wheat flour,0.56,0.0039,2006-04-15,3.0713,0.1823,143.5897
47,Rosario,Maize (yellow),0.26,0.0018,2006-04-15,3.0713,0.0847,144.4444
50,Rosario,Maize (yellow),0.26,0.0018,2006-05-15,3.0412,0.0855,144.4444
48,Buenos Aires,Wheat,0.35,0.0024,2006-05-15,3.0412,0.1151,145.8333
49,Buenos Aires,Wheat flour,0.58,0.004,2006-05-15,3.0412,0.1907,145.0
51,Buenos Aires,Wheat,0.32,0.0022,2006-06-15,3.0788,0.1039,145.4545
52,Buenos Aires,Wheat flour,0.58,0.004,2006-06-15,3.0788,0.1884,145.0
53,Rosario,Maize (yellow),0.26,0.0018,2006-06-15,3.0788,0.0844,144.4444
54,Buenos Aires,Wheat,0.32,0.0022,2006-07-15,3.0788,0.1039,145.4545
55,Buenos Aires,Wheat flour,0.53,0.0036,2006-07-15,3.0788,0.1721,147.2222
56,Rosario,Maize (yellow),0.27,0.0019,2006-07-15,3.0788,0.0877,142.1053
57,Buenos Aires,Wheat,0.33,0.0023,2006-08-15,3.0788,0.1072,143.4783
58,Buenos Aires,Wheat flour,0.53,0.0036,2006-08-15,3.0788,0.1721,147.2222
59,Rosario,Maize (yellow),0.27,0.0018,2006-08-15,3.0788,0.0877,150.0
62,Rosario,Maize (yellow),0.27,0.0019,2006-09-15,3.1013,0.0871,142.1053
60,Buenos Aires,Wheat,0.35,0.0024,2006-09-15,3.1013,0.1129,145.8333
61,Buenos Aires,Wheat flour,0.53,0.0036,2006-09-15,3.1013,0.1709,147.2222
65,Rosario,Maize (yellow),0.32,0.0022,2006-10-15,3.1013,0.1032,145.4545
64,Buenos Aires,Wheat flour,0.54,0.0037,2006-10-15,3.1013,0.1741,145.9459
63,Buenos Aires,Wheat,0.38,0.0026,2006-10-15,3.1013,0.1225,146.1538
66,Buenos Aires,Wheat,0.38,0.0026,2006-11-15,3.0687,0.1238,146.1538
67,Buenos Aires,Wheat flour,0.54,0.0037,2006-11-15,3.0687,0.176,145.9459
68,Buenos Aires,Wheat,0.38,0.0026,2006-12-15,3.0563,0.1243,146.1538
69,Buenos Aires,Wheat flour,0.54,0.0037,2006-12-15,3.0563,0.1767,145.9459
70,Buenos Aires,Wheat,0.38,0.0026,2007-01-15,3.0812,0.1233,146.1538
71,Buenos Aires,Wheat flour,0.54,0.0037,2007-01-15,3.0812,0.1753,145.9459
72,Rosario,Maize (yellow),0.37,0.0025,2007-01-15,3.0812,0.1201,148.0
73,Buenos Aires,Wheat,0.38,0.0026,2007-02-15,3.0987,0.1226,146.1538
74,Buenos Aires,Wheat flour,0.54,0.0037,2007-02-15,3.0987,0.1743,145.9459
75,Rosario,Maize (yellow),0.39,0.0027,2007-02-15,3.0987,0.1259,144.4444
76,Buenos Aires,Wheat,0.37,0.0026,2007-03-15,3.0963,0.1195,142.3077
77,Buenos Aires,Wheat flour,0.54,0.0037,2007-03-15,3.0963,0.1744,145.9459
78,Rosario,Maize (yellow),0.37,0.0026,2007-03-15,3.0963,0.1195,142.3077
81,Rosario,Maize (yellow),0.37,0.0025,2007-04-15,3.0963,0.1195,148.0
79,Buenos Aires,Wheat,0.38,0.0026,2007-04-15,3.0963,0.1227,146.1538
80,Buenos Aires,Wheat flour,0.54,0.0037,2007-04-15,3.0963,0.1744,145.9459
82,Buenos Aires,Wheat,0.4,0.0028,2007-05-15,3.0762,0.13,142.8571
83,Buenos Aires,Wheat flour,0.54,0.0037,2007-05-15,3.0762,0.1755,145.9459
84,Rosario,Maize (yellow),0.36,0.0025,2007-05-15,3.0762,0.117,144.0
85,Buenos Aires,Wheat,0.43,0.003,2007-06-15,3.076,0.1398,143.3333
86,Buenos Aires,Wheat flour,0.54,0.0037,2007-06-15,3.076,0.1756,145.9459
87,Rosario,Maize (yellow),0.38,0.0026,2007-06-15,3.076,0.1235,146.1538
88,Buenos Aires,Wheat,0.45,0.0031,2007-07-15,3.076,0.1463,145.1613
89,Buenos Aires,Wheat flour,0.54,0.0037,2007-07-15,3.076,0.1756,145.9459
90,Rosario,Maize (yellow),0.35,0.0024,2007-07-15,3.076,0.1138,145.8333
93,Rosario,Maize (yellow),0.38,0.0026,2007-08-15,3.146,0.1208,146.1538
91,Buenos Aires,Wheat,0.53,0.0037,2007-08-15,3.146,0.1685,143.2432
92,Buenos Aires,Wheat flour,0.56,0.0039,2007-08-15,3.146,0.178,143.5897
95,Buenos Aires,Wheat flour,0.57,0.0039,2007-09-15,3.146,0.1812,146.1538
96,Rosario,Maize (yellow),0.39,0.0027,2007-09-15,3.146,0.124,144.4444
94,Buenos Aires,Wheat,0.59,0.0041,2007-09-15,3.146,0.1875,143.9024
97,Buenos Aires,Wheat,0.59,0.0041,2007-10-15,3.157,0.1869,143.9024
98,Buenos Aires,Wheat flour,0.57,0.0039,2007-10-15,3.157,0.1806,146.1538
99,Rosario,Maize (yellow),0.39,0.0027,2007-10-15,3.157,0.1235,144.4444
100,Buenos Aires,Wheat,0.57,0.0039,2007-11-15,3.1245,0.1824,146.1538
101,Buenos Aires,Wheat flour,0.62,0.0043,2007-11-15,3.1245,0.1984,144.186
102,Buenos Aires,Wheat,0.54,0.0037,2007-12-15,3.1245,0.1728,145.9459
103,Buenos Aires,Wheat flour,0.69,0.0047,2007-12-15,3.1245,0.2208,146.8085
104,Buenos Aires,Wheat,0.57,0.0039,2008-01-15,3.1405,0.1815,146.1538
105,Buenos Aires,Wheat flour,0.7,0.0048,2008-01-15,3.1405,0.2229,145.8333
106,Rosario,Maize (yellow),0.47,0.0032,2008-01-15,3.1405,0.1497,146.875
107,Buenos Aires,Wheat,0.6,0.0042,2008-02-15,3.152,0.1904,142.8571
108,Buenos Aires,Wheat flour,0.7,0.0048,2008-02-15,3.152,0.2221,145.8333
109,Rosario,Maize (yellow),0.48,0.0033,2008-02-15,3.152,0.1523,145.4545
112,Rosario,Maize (yellow),0.49,0.0034,2008-03-15,3.152,0.1555,144.1176
110,Buenos Aires,Wheat,0.62,0.0042,2008-03-15,3.152,0.1967,147.619
111,Buenos Aires,Wheat flour,0.7,0.0048,2008-03-15,3.152,0.2221,145.8333
113,Buenos Aires,Wheat,0.71,0.0048,2008-04-15,3.156,0.225,147.9167
114,Buenos Aires,Wheat flour,0.7,0.0048,2008-04-15,3.156,0.2218,145.8333
115,Rosario,Maize (yellow),0.52,0.0036,2008-04-15,3.156,0.1648,144.4444
116,Buenos Aires,Wheat,0.7,0.0048,2008-05-15,3.161,0.2214,145.8333
117,Buenos Aires,Wheat flour,0.7,0.0048,2008-05-15,3.161,0.2214,145.8333
118,Rosario,Maize (yellow),0.51,0.0035,2008-05-15,3.161,0.1613,145.7143
119,Buenos Aires,Wheat,0.66,0.0045,2008-06-15,3.161,0.2088,146.6667
120,Buenos Aires,Wheat flour,0.7,0.0048,2008-06-15,3.161,0.2214,145.8333
121,Rosario,Maize (yellow),0.52,0.0036,2008-06-15,3.161,0.1645,144.4444
124,Rosario,Maize (yellow),0.49,0.0034,2008-07-15,3.0235,0.1621,144.1176
122,Buenos Aires,Wheat,0.67,0.0046,2008-07-15,3.0235,0.2216,145.6522
123,Buenos Aires,Wheat flour,0.7,0.0048,2008-07-15,3.0235,0.2315,145.8333
126,Buenos Aires,Wheat flour,0.7,0.0048,2008-08-15,3.0285,0.2311,145.8333
127,Rosario,Maize (yellow),0.43,0.0029,2008-08-15,3.0285,0.142,148.2759
125,Buenos Aires,Wheat,0.61,0.0042,2008-08-15,3.0285,0.2014,145.2381
130,Rosario,Maize (yellow),0.43,0.003,2008-09-15,3.086,0.1393,143.3333
128,Buenos Aires,Wheat,0.6,0.0041,2008-09-15,3.086,0.1944,146.3415
129,Buenos Aires,Wheat flour,0.7,0.0048,2008-09-15,3.086,0.2268,145.8333
131,Buenos Aires,Wheat,0.49,0.0033,2008-10-15,3.204,0.1529,148.4848
132,Buenos Aires,Wheat flour,0.7,0.0048,2008-10-15,3.204,0.2185,145.8333
133,Rosario,Maize (yellow),0.36,0.0025,2008-10-15,3.204,0.1124,144.0
134,Buenos Aires,Wheat,0.4,0.0027,2008-11-15,3.204,0.1248,148.1481
135,Buenos Aires,Wheat flour,0.7,0.0048,2008-11-15,3.204,0.2185,145.8333
136,Buenos Aires,Wheat,0.4,0.0028,2008-12-15,3.4335,0.1165,142.8571
137,Buenos Aires,Wheat flour,0.7,0.0048,2008-12-15,3.4335,0.2039,145.8333
138,Rosario,Maize (yellow),0.32,0.0022,2008-12-15,3.4335,0.0932,145.4545
139,Buenos Aires,Wheat,0.43,0.0029,2009-01-15,3.4512,0.1246,148.2759
140,Buenos Aires,Wheat flour,0.7,0.0048,2009-01-15,3.4512,0.2028,145.8333
141,Rosario,Maize (yellow),0.41,0.0028,2009-01-15,3.4512,0.1188,146.4286
142,Buenos Aires,Wheat,0.42,0.0029,2009-02-15,3.4512,0.1217,144.8276
143,Buenos Aires,Wheat flour,0.7,0.0048,2009-02-15,3.4512,0.2028,145.8333
144,Rosario,Maize (yellow),0.42,0.0029,2009-02-15,3.4512,0.1217,144.8276
147,Rosario,Maize (yellow),0.41,0.0028,2009-03-15,3.4512,0.1188,146.4286
145,Buenos Aires,Wheat,0.49,0.0034,2009-03-15,3.4512,0.142,144.1176
146,Buenos Aires,Wheat flour,0.7,0.0048,2009-03-15,3.4512,0.2028,145.8333
148,Buenos Aires,Wheat,0.52,0.0035,2009-04-15,3.676,0.1415,148.5714
149,Buenos Aires,Wheat flour,0.7,0.0048,2009-04-15,3.676,0.1904,145.8333
150,Rosario,Maize (yellow),0.39,0.0027,2009-04-15,3.676,0.1061,144.4444
151,Buenos Aires,Wheat,0.55,0.0038,2009-05-15,3.7285,0.1475,144.7368
152,Buenos Aires,Wheat flour,0.7,0.0048,2009-05-15,3.7285,0.1877,145.8333
153,Rosario,Maize (yellow),0.4,0.0027,2009-05-15,3.7285,0.1073,148.1481
154,Buenos Aires,Wheat,0.57,0.0039,2009-06-15,3.761,0.1516,146.1538
155,Buenos Aires,Wheat flour,0.7,0.0048,2009-06-15,3.761,0.1861,145.8333
156,Rosario,Maize (yellow),0.43,0.003,2009-06-15,3.761,0.1143,143.3333
159,Rosario,Maize (yellow),0.42,0.0029,2009-07-15,3.8063,0.1103,144.8276
157,Buenos Aires,Wheat,0.57,0.0039,2009-07-15,3.8063,0.1498,146.1538
158,Buenos Aires,Wheat flour,0.7,0.0048,2009-07-15,3.8063,0.1839,145.8333
162,Rosario,Maize (yellow),0.44,0.003,2009-08-15,3.8063,0.1156,146.6667
161,Buenos Aires,Wheat flour,0.7,0.0048,2009-08-15,3.8063,0.1839,145.8333
160,Buenos Aires,Wheat,0.63,0.0043,2009-08-15,3.8063,0.1655,146.5116
163,Buenos Aires,Wheat,0.57,0.0039,2009-09-15,3.8315,0.1488,146.1538
164,Buenos Aires,Wheat flour,0.7,0.0048,2009-09-15,3.8315,0.1827,145.8333
165,Rosario,Maize (yellow),0.43,0.0029,2009-09-15,3.8315,0.1122,148.2759
166,Buenos Aires,Wheat,0.53,0.0037,2009-10-15,3.817,0.1389,143.2432
167,Buenos Aires,Wheat flour,0.7,0.0048,2009-10-15,3.817,0.1834,145.8333
168,Rosario,Maize (yellow),0.45,0.0031,2009-10-15,3.817,0.1179,145.1613
169,Buenos Aires,Wheat,0.54,0.0037,2009-11-15,3.817,0.1415,145.9459
170,Buenos Aires,Wheat flour,0.7,0.0048,2009-11-15,3.817,0.1834,145.8333
171,Buenos Aires,Wheat,0.53,0.0037,2009-12-15,3.8135,0.139,143.2432
172,Buenos Aires,Wheat flour,0.7,0.0048,2009-12-15,3.8135,0.1836,145.8333
173,Buenos Aires,Wheat,0.53,0.0036,2010-01-15,3.8015,0.1394,147.2222
174,Buenos Aires,Wheat flour,0.7,0.0048,2010-01-15,3.8015,0.1841,145.8333
175,Rosario,Maize (yellow),0.48,0.0033,2010-01-15,3.8015,0.1263,145.4545
178,Rosario,Maize (yellow),0.44,0.003,2010-02-15,3.854,0.1142,146.6667
177,Buenos Aires,Wheat flour,0.7,0.0048,2010-02-15,3.854,0.1816,145.8333
176,Buenos Aires,Wheat,0.47,0.0032,2010-02-15,3.854,0.122,146.875
179,Buenos Aires,Wheat,0.52,0.0036,2010-03-15,3.861,0.1347,144.4444
180,Buenos Aires,Wheat flour,0.7,0.0048,2010-03-15,3.861,0.1813,145.8333
181,Rosario,Maize (yellow),0.42,0.0029,2010-03-15,3.861,0.1088,144.8276
182,Buenos Aires,Wheat,0.54,0.0037,2010-04-15,3.8715,0.1395,145.9459
183,Buenos Aires,Wheat flour,0.7,0.0048,2010-04-15,3.8715,0.1808,145.8333
184,Rosario,Maize (yellow),0.44,0.0031,2010-04-15,3.8715,0.1137,141.9355
185,Buenos Aires,Wheat,0.59,0.0041,2010-05-15,3.8715,0.1524,143.9024
186,Buenos Aires,Wheat flour,0.7,0.0048,2010-05-15,3.8715,0.1808,145.8333
187,Rosario,Maize (yellow),0.46,0.0032,2010-05-15,3.8715,0.1188,143.75
188,Buenos Aires,Wheat,0.59,0.0041,2010-06-15,3.924,0.1504,143.9024
189,Buenos Aires,Wheat flour,0.7,0.0048,2010-06-15,3.924,0.1784,145.8333
190,Rosario,Maize (yellow),0.47,0.0032,2010-06-15,3.924,0.1198,146.875
193,Rosario,Maize (yellow),0.5,0.0034,2010-07-15,3.9338,0.1271,147.0588
192,Buenos Aires,Wheat flour,0.7,0.0048,2010-07-15,3.9338,0.1779,145.8333
191,Buenos Aires,Wheat,0.63,0.0043,2010-07-15,3.9338,0.1602,146.5116
194,Buenos Aires,Wheat,0.72,0.0049,2010-08-15,3.9338,0.183,146.9388
195,Buenos Aires,Wheat flour,0.7,0.0048,2010-08-15,3.9338,0.1779,145.8333
196,Rosario,Maize (yellow),0.53,0.0037,2010-08-15,3.9338,0.1347,143.2432
197,Buenos Aires,Wheat,0.76,0.0053,2010-09-15,3.9495,0.1924,143.3962
198,Buenos Aires,Wheat flour,0.7,0.0048,2010-09-15,3.9495,0.1772,145.8333
199,Rosario,Maize (yellow),0.57,0.0039,2010-09-15,3.9495,0.1443,146.1538
200,Buenos Aires,Wheat,0.71,0.0049,2010-10-15,3.951,0.1797,144.898
201,Buenos Aires,Wheat flour,0.7,0.0048,2010-10-15,3.951,0.1772,145.8333
202,Rosario,Maize (yellow),0.63,0.0043,2010-10-15,3.951,0.1595,146.5116
203,Buenos Aires,Wheat,0.69,0.0047,2010-11-15,3.964,0.1741,146.8085
204,Buenos Aires,Wheat flour,0.72,0.005,2010-11-15,3.964,0.1816,144.0
205,Rosario,Maize (yellow),0.66,0.0045,2010-11-15,3.964,0.1665,146.6667
206,Buenos Aires,Wheat,0.67,0.0046,2010-12-15,3.9715,0.1687,145.6522
207,Buenos Aires,Wheat flour,0.94,0.0065,2010-12-15,3.9715,0.2367,144.6154
210,Rosario,Maize (yellow),0.74,0.0051,2011-01-15,3.9715,0.1863,145.098
208,Buenos Aires,Wheat,0.7,0.0048,2011-01-15,3.9715,0.1763,145.8333
209,Buenos Aires,Wheat flour,0.94,0.0065,2011-01-15,3.9715,0.2367,144.6154
211,Buenos Aires,Wheat,0.71,0.0049,2011-02-15,4.023,0.1765,144.898
212,Buenos Aires,Wheat flour,0.91,0.0063,2011-02-15,4.023,0.2262,144.4444
213,Rosario,Maize (yellow),0.77,0.0053,2011-02-15,4.023,0.1914,145.283
214,Buenos Aires,Wheat,0.75,0.0052,2011-03-15,4.0345,0.1859,144.2308
215,Buenos Aires,Wheat flour,0.7,0.0048,2011-03-15,4.0345,0.1735,145.8333
216,Rosario,Maize (yellow),0.75,0.0051,2011-03-15,4.0345,0.1859,147.0588
217,Buenos Aires,Wheat,0.76,0.0052,2011-04-15,4.0665,0.1869,146.1538
218,Buenos Aires,Wheat flour,0.7,0.0048,2011-04-15,4.0665,0.1721,145.8333
219,Rosario,Maize (yellow),0.76,0.0052,2011-04-15,4.0665,0.1869,146.1538
222,Rosario,Maize (yellow),0.74,0.0051,2011-05-15,4.0665,0.182,145.098
220,Buenos Aires,Wheat,0.75,0.0051,2011-05-15,4.0665,0.1844,147.0588
221,Buenos Aires,Wheat flour,0.76,0.0052,2011-05-15,4.0665,0.1869,146.1538
225,Rosario,Maize (yellow),0.71,0.0049,2011-06-15,4.0915,0.1735,144.898
223,Buenos Aires,Wheat,0.67,0.0046,2011-06-15,4.0915,0.1638,145.6522
224,Buenos Aires,Wheat flour,0.94,0.0065,2011-06-15,4.0915,0.2297,144.6154
226,Buenos Aires,Wheat,0.69,0.0048,2011-07-15,4.1215,0.1674,143.75
227,Buenos Aires,Wheat flour,0.94,0.0065,2011-07-15,4.1215,0.2281,144.6154
228,Rosario,Maize (yellow),0.69,0.0047,2011-07-15,4.1215,0.1674,146.8085
229,Buenos Aires,Wheat,0.66,0.0046,2011-08-15,4.1585,0.1587,143.4783
230,Buenos Aires,Wheat flour,0.98,0.0067,2011-08-15,4.1585,0.2357,146.2687
231,Rosario,Maize (yellow),0.68,0.0047,2011-08-15,4.1585,0.1635,144.6809
232,Buenos Aires,Wheat,0.66,0.0045,2011-09-15,4.2015,0.1571,146.6667
233,Buenos Aires,Wheat flour,1.2,0.0083,2011-09-15,4.2015,0.2856,144.5783
234,Rosario,Maize (yellow),0.65,0.0045,2011-09-15,4.2015,0.1547,144.4444
237,Rosario,Maize (yellow),0.6,0.0042,2011-10-15,4.2015,0.1428,142.8571
235,Buenos Aires,Wheat,0.61,0.0042,2011-10-15,4.2015,0.1452,145.2381
236,Buenos Aires,Wheat flour,1.2,0.0083,2011-10-15,4.2015,0.2856,144.5783
240,Rosario,Maize (yellow),0.55,0.0038,2011-11-15,4.2635,0.129,144.7368
238,Buenos Aires,Wheat,0.55,0.0037,2011-11-15,4.2635,0.129,148.6486
239,Buenos Aires,Wheat flour,1.2,0.0083,2011-11-15,4.2635,0.2815,144.5783
241,Buenos Aires,Wheat,0.49,0.0034,2011-12-15,4.2845,0.1144,144.1176
242,Buenos Aires,Wheat flour,1.2,0.0083,2011-12-15,4.2845,0.2801,144.5783
243,Buenos Aires,Wheat,0.58,0.004,2012-01-15,4.2845,0.1354,145.0
244,Buenos Aires,Wheat flour,1.2,0.0083,2012-01-15,4.2845,0.2801,144.5783
245,Rosario,Maize (yellow),0.74,0.0051,2012-01-15,4.2845,0.1727,145.098
248,Rosario,Maize (yellow),0.69,0.0047,2012-02-15,4.3465,0.1587,146.8085
246,Buenos Aires,Wheat,0.56,0.0038,2012-02-15,4.3465,0.1288,147.3684
247,Buenos Aires,Wheat flour,1.2,0.0083,2012-02-15,4.3465,0.2761,144.5783
250,Buenos Aires,Wheat flour,1.2,0.0083,2012-03-15,4.3538,0.2756,144.5783
251,Rosario,Maize (yellow),0.7,0.0048,2012-03-15,4.3538,0.1608,145.8333
249,Buenos Aires,Wheat,0.6,0.0041,2012-03-15,4.3538,0.1378,146.3415
253,Buenos Aires,Wheat flour,1.2,0.0083,2012-04-15,4.3538,0.2756,144.5783
254,Rosario,Maize (yellow),0.71,0.0049,2012-04-15,4.3538,0.1631,144.898
252,Buenos Aires,Wheat,0.66,0.0045,2012-04-15,4.3538,0.1516,146.6667
256,Buenos Aires,Wheat flour,1.29,0.0089,2012-05-15,4.4435,0.2903,144.9438
257,Rosario,Maize (yellow),0.68,0.0047,2012-05-15,4.4435,0.153,144.6809
255,Buenos Aires,Wheat,0.71,0.0049,2012-05-15,4.4435,0.1598,144.898
258,Buenos Aires,Wheat,0.71,0.0049,2012-06-15,4.4935,0.158,144.898
259,Buenos Aires,Wheat flour,1.3,0.0089,2012-06-15,4.4935,0.2893,146.0674
260,Rosario,Maize (yellow),0.69,0.0047,2012-06-15,4.4935,0.1536,146.8085
261,Buenos Aires,Wheat,0.83,0.0057,2012-07-15,4.4935,0.1847,145.614
262,Buenos Aires,Wheat flour,1.3,0.0089,2012-07-15,4.4935,0.2893,146.0674
263,Rosario,Maize (yellow),0.73,0.005,2012-07-15,4.4935,0.1625,146.0
264,Buenos Aires,Wheat,0.94,0.0064,2012-08-15,4.606,0.2041,146.875
265,Buenos Aires,Wheat flour,1.44,0.0099,2012-08-15,4.606,0.3126,145.4545
266,Rosario,Maize (yellow),0.77,0.0053,2012-08-15,4.606,0.1672,145.283
267,Buenos Aires,Wheat,1.12,0.0077,2012-09-15,4.606,0.2432,145.4545
268,Buenos Aires,Wheat flour,1.9,0.0131,2012-09-15,4.606,0.4125,145.0382
269,Rosario,Maize (yellow),0.83,0.0057,2012-09-15,4.606,0.1802,145.614
270,Buenos Aires,Wheat,1.06,0.0073,2012-10-15,4.7263,0.2243,145.2055
271,Buenos Aires,Wheat flour,1.9,0.0131,2012-10-15,4.7263,0.402,145.0382
273,Buenos Aires,Wheat flour,1.87,0.0129,2012-11-15,4.7938,0.3901,144.9612
272,Buenos Aires,Wheat,1.06,0.0073,2012-11-15,4.7938,0.2211,145.2055
274,Buenos Aires,Wheat,1.03,0.0071,2012-12-15,4.7938,0.2149,145.0704
275,Buenos Aires,Wheat flour,1.7,0.0117,2012-12-15,4.7938,0.3546,145.2991
276,Buenos Aires,Wheat,1.23,0.0085,2013-01-15,4.9485,0.2486,144.7059
277,Buenos Aires,Wheat flour,1.7,0.0117,2013-01-15,4.9485,0.3435,145.2991
278,Rosario,Maize (yellow),0.94,0.0064,2013-01-15,4.9485,0.19,146.875
279,Buenos Aires,Wheat,1.28,0.0088,2013-02-15,5.012,0.2554,145.4545
280,Buenos Aires,Wheat flour,1.7,0.0117,2013-02-15,5.012,0.3392,145.2991
281,Rosario,Maize (yellow),0.91,0.0062,2013-02-15,5.012,0.1816,146.7742
282,Buenos Aires,Wheat,1.32,0.0091,2013-03-15,5.0898,0.2593,145.0549
283,Buenos Aires,Wheat flour,1.7,0.0117,2013-03-15,5.0898,0.334,145.2991
284,Rosario,Maize (yellow),0.86,0.0059,2013-03-15,5.0898,0.169,145.7627
285,Buenos Aires,Wheat,1.41,0.0097,2013-04-15,5.153,0.2736,145.3608
286,Buenos Aires,Wheat flour,1.7,0.0117,2013-04-15,5.153,0.3299,145.2991
287,Rosario,Maize (yellow),0.87,0.006,2013-04-15,5.153,0.1688,145.0
290,Rosario,Maize (yellow),0.98,0.0067,2013-05-15,5.233,0.1873,146.2687
288,Buenos Aires,Wheat,1.8,0.0124,2013-05-15,5.233,0.344,145.1613
289,Buenos Aires,Wheat flour,1.93,0.0133,2013-05-15,5.233,0.3688,145.1128
291,Buenos Aires,Wheat,2.38,0.0163,2013-06-15,5.233,0.4548,146.0123
292,Buenos Aires,Wheat flour,2.92,0.0201,2013-06-15,5.233,0.558,145.2736
293,Rosario,Maize (yellow),1.04,0.0071,2013-06-15,5.233,0.1987,146.4789
294,Buenos Aires,Wheat,2.43,0.0167,2013-07-15,5.4285,0.4476,145.509
295,Buenos Aires,Wheat flour,2.7,0.0186,2013-07-15,5.4285,0.4974,145.1613
296,Rosario,Maize (yellow),0.92,0.0063,2013-07-15,5.4285,0.1695,146.0317
297,Buenos Aires,Wheat,2.42,0.0167,2013-08-15,5.5783,0.4338,144.9102
298,Buenos Aires,Wheat flour,2.7,0.0186,2013-08-15,5.5783,0.484,145.1613
299,Rosario,Maize (yellow),0.86,0.0059,2013-08-15,5.5783,0.1542,145.7627
300,Buenos Aires,Wheat,2.65,0.0182,2013-09-15,5.5783,0.4751,145.6044
301,Buenos Aires,Wheat flour,2.7,0.0186,2013-09-15,5.5783,0.484,145.1613
302,Rosario,Maize (yellow),0.88,0.006,2013-09-15,5.5783,0.1578,146.6667
305,Rosario,Maize (yellow),0.93,0.0064,2013-10-15,5.8386,0.1593,145.3125
303,Buenos Aires,Wheat,3.24,0.0223,2013-10-15,5.8386,0.5549,145.2915
304,Buenos Aires,Wheat flour,5.12,0.0352,2013-10-15,5.8386,0.8769,145.4545
306,Buenos Aires,Wheat,1.74,0.012,2013-11-15,5.9948,0.2903,145.0
307,Buenos Aires,Wheat flour,6.5,0.0447,2013-11-15,5.9948,1.0843,145.4139
308,Rosario,Maize (yellow),1.06,0.0073,2013-11-15,5.9948,0.1768,145.2055
309,Buenos Aires,Wheat,1.47,0.0101,2013-12-15,5.9948,0.2452,145.5446
310,Buenos Aires,Wheat flour,6.5,0.0447,2013-12-15,5.9948,1.0843,145.4139
311,Buenos Aires,Wheat,1.65,0.0114,2014-01-15,6.708,0.246,144.7368
312,Buenos Aires,Wheat flour,6.34,0.0436,2014-01-15,6.708,0.9451,145.4128
313,Rosario,Maize (yellow),1.08,0.0074,2014-01-15,6.708,0.161,145.9459
316,Rosario,Maize (yellow),1.22,0.0084,2014-02-15,6.708,0.1819,145.2381
314,Buenos Aires,Wheat,1.84,0.0126,2014-02-15,6.708,0.2743,146.0317
315,Buenos Aires,Wheat flour,4.85,0.0334,2014-02-15,6.708,0.723,145.2096
318,Buenos Aires,Wheat flour,4.52,0.0311,2014-03-15,6.708,0.6738,145.3376
319,Rosario,Maize (yellow),1.3,0.009,2014-03-15,6.708,0.1938,144.4444
317,Buenos Aires,Wheat,1.9,0.013,2014-03-15,6.708,0.2832,146.1538
322,Rosario,Maize (yellow),1.38,0.0095,2014-04-15,8.0008,0.1725,145.2632
320,Buenos Aires,Wheat,1.92,0.0132,2014-04-15,8.0008,0.24,145.4545
321,Buenos Aires,Wheat flour,4.5,0.0309,2014-04-15,8.0008,0.5624,145.6311
323,Buenos Aires,Wheat,2.0,0.0138,2014-05-15,8.0575,0.2482,144.9275
324,Buenos Aires,Wheat flour,4.5,0.0309,2014-05-15,8.0575,0.5585,145.6311
325,Rosario,Maize (yellow),1.32,0.009,2014-05-15,8.0575,0.1638,146.6667
326,Buenos Aires,Wheat,1.99,0.0137,2014-06-15,8.0575,0.247,145.2555
327,Buenos Aires,Wheat flour,4.5,0.0309,2014-06-15,8.0575,0.5585,145.6311
328,Rosario,Maize (yellow),1.25,0.0086,2014-06-15,8.0575,0.1551,145.3488
329,Buenos Aires,Wheat,1.76,0.0121,2014-07-15,8.148,0.216,145.4545
330,Buenos Aires,Wheat flour,4.5,0.0309,2014-07-15,8.148,0.5523,145.6311
331,Rosario,Maize (yellow),1.13,0.0078,2014-07-15,8.148,0.1387,144.8718
332,Buenos Aires,Wheat,1.49,0.0103,2014-08-15,8.2753,0.1801,144.6602
333,Buenos Aires,Wheat flour,4.23,0.0291,2014-08-15,8.2753,0.5112,145.3608
334,Rosario,Maize (yellow),1.03,0.0071,2014-08-15,8.2753,0.1245,145.0704
336,Buenos Aires,Wheat flour,3.4,0.0234,2014-09-15,8.4017,0.4047,145.2991
337,Rosario,Maize (yellow),0.93,0.0064,2014-09-15,8.4017,0.1107,145.3125
335,Buenos Aires,Wheat,1.42,0.0098,2014-09-15,8.4017,0.169,144.898
338,Buenos Aires,Wheat,1.28,0.0088,2014-10-15,8.4735,0.1511,145.4545
339,Buenos Aires,Wheat flour,3.4,0.0234,2014-10-15,8.4735,0.4013,145.2991
340,Rosario,Maize (yellow),0.96,0.0066,2014-10-15,8.4735,0.1133,145.4545
341,Buenos Aires,Wheat,1.21,0.0083,2014-11-15,8.4735,0.1428,145.7831
342,Buenos Aires,Wheat flour,3.4,0.0234,2014-11-15,8.4735,0.4013,145.2991
343,Rosario,Maize (yellow),1.04,0.0072,2014-11-15,8.4735,0.1227,144.4444
344,Buenos Aires,Wheat,1.11,0.0076,2014-12-15,8.5505,0.1298,146.0526
345,Buenos Aires,Wheat flour,3.0,0.0206,2014-12-15,8.5505,0.3509,145.6311
346,Buenos Aires,Wheat,1.12,0.0077,2015-01-15,8.596,0.1303,145.4545
347,Buenos Aires,Wheat flour,2.8,0.0193,2015-01-15,8.596,0.3257,145.0777
348,Rosario,Maize (yellow),0.98,0.0067,2015-01-15,8.596,0.114,146.2687
349,Buenos Aires,Wheat,1.07,0.0074,2015-02-15,8.596,0.1245,144.5946
350,Buenos Aires,Wheat flour,2.8,0.0193,2015-02-15,8.596,0.3257,145.0777
351,Rosario,Maize (yellow),0.97,0.0067,2015-02-15,8.596,0.1128,144.7761
354,Rosario,Maize (yellow),0.97,0.0067,2015-03-15,8.596,0.1128,144.7761
353,Buenos Aires,Wheat flour,2.8,0.0193,2015-03-15,8.596,0.3257,145.0777
352,Buenos Aires,Wheat,0.94,0.0064,2015-03-15,8.596,0.1094,146.875
355,Buenos Aires,Wheat,1.12,0.0077,2015-04-15,8.8683,0.1263,145.4545
356,Buenos Aires,Wheat flour,2.8,0.0193,2015-04-15,8.8683,0.3157,145.0777
357,Rosario,Maize (yellow),1.02,0.007,2015-04-15,8.8683,0.115,145.7143
358,Buenos Aires,Wheat,1.12,0.0077,2015-05-15,8.9536,0.1251,145.4545
359,Buenos Aires,Wheat flour,2.8,0.0193,2015-05-15,8.9536,0.3127,145.0777
360,Rosario,Maize (yellow),0.99,0.0068,2015-05-15,8.9536,0.1106,145.5882
361,Buenos Aires,Wheat,0.99,0.0068,2015-06-15,9.037,0.1095,145.5882
362,Buenos Aires,Wheat flour,2.8,0.0193,2015-06-15,9.037,0.3098,145.0777
363,Rosario,Maize (yellow),0.93,0.0064,2015-06-15,9.037,0.1029,145.3125
366,Rosario,Maize (yellow),0.93,0.0064,2015-07-15,9.1305,0.1019,145.3125
364,Buenos Aires,Wheat,1.12,0.0077,2015-07-15,9.1305,0.1227,145.4545
365,Buenos Aires,Wheat flour,2.8,0.0193,2015-07-15,9.1305,0.3067,145.0777
369,Rosario,Maize (yellow),0.91,0.0062,2015-08-15,9.1305,0.0997,146.7742
367,Buenos Aires,Wheat,1.17,0.008,2015-08-15,9.1305,0.1281,146.25
368,Buenos Aires,Wheat flour,2.8,0.0193,2015-08-15,9.1305,0.3067,145.0777
370,Buenos Aires,Wheat,1.22,0.0084,2015-09-15,9.3716,0.1302,145.2381
371,Buenos Aires,Wheat flour,3.05,0.021,2015-09-15,9.3716,0.3255,145.2381
372,Rosario,Maize (yellow),0.94,0.0065,2015-09-15,9.3716,0.1003,144.6154
373,Buenos Aires,Wheat,1.29,0.0089,2015-10-15,9.4852,0.136,144.9438
374,Buenos Aires,Wheat flour,3.13,0.0215,2015-10-15,9.4852,0.33,145.5814
375,Rosario,Maize (yellow),1.13,0.0078,2015-10-15,9.4852,0.1191,144.8718
377,Buenos Aires,Wheat flour,3.49,0.024,2015-11-15,9.4852,0.3679,145.4167
376,Buenos Aires,Wheat,1.5,0.0103,2015-11-15,9.4852,0.1581,145.6311
378,Rosario,Maize (yellow),1.26,0.0087,2015-11-15,9.4852,0.1328,144.8276
380,Buenos Aires,Wheat flour,3.6,0.0248,2015-12-15,9.7816,0.368,145.1613
379,Buenos Aires,Wheat,1.71,0.0117,2015-12-15,9.7816,0.1748,146.1538
382,Buenos Aires,Wheat flour,3.6,0.0248,2016-01-15,13.4221,0.2682,145.1613
383,Rosario,Maize (yellow),1.97,0.0135,2016-01-15,13.4221,0.1468,145.9259
381,Buenos Aires,Wheat,1.93,0.0132,2016-01-15,13.4221,0.1438,146.2121
386,Rosario,Maize (yellow),2.25,0.0155,2016-02-15,14.8089,0.1519,145.1613
385,Buenos Aires,Wheat flour,3.6,0.0248,2016-02-15,14.8089,0.2431,145.1613
384,Buenos Aires,Wheat,2.03,0.014,2016-02-15,14.8089,0.1371,145.0
387,Buenos Aires,Wheat,2.16,0.0148,2016-03-15,14.5225,0.1487,145.9459
388,Buenos Aires,Wheat flour,3.6,0.0248,2016-03-15,14.5225,0.2479,145.1613
389,Rosario,Maize (yellow),2.21,0.0152,2016-03-15,14.5225,0.1522,145.3947
398,Greater Buenos Aires,Sugar,12.05,0.0829,2016-04-15,14.0375,0.8584,145.3559
397,Greater Buenos Aires,Milk,14.37,0.0988,2016-04-15,14.0375,1.0237,145.4453
396,Greater Buenos Aires,Meat (beef),60.68,0.4173,2016-04-15,14.0375,4.3227,145.411
395,Greater Buenos Aires,Wheat flour,8.23,0.0566,2016-04-15,14.0375,0.5863,145.4064
399,Rosario,Maize (yellow),2.4,0.0165,2016-04-15,14.0375,0.171,145.4545
393,Greater Buenos Aires,Potatoes,9.26,0.0637,2016-04-15,14.0375,0.6597,145.3689
392,Greater Buenos Aires,Bread,29.85,0.2053,2016-04-15,14.0375,2.1264,145.397
391,Buenos Aires,Wheat flour,3.91,0.0269,2016-04-15,14.0375,0.2785,145.3532
390,Buenos Aires,Wheat,2.27,0.0156,2016-04-15,14.0375,0.1617,145.5128
394,Greater Buenos Aires,Rice (white),16.21,0.1115,2016-04-15,14.0375,1.1548,145.3812
408,Rosario,Maize (yellow),2.56,0.0176,2016-05-15,14.0375,0.1824,145.4545
407,Greater Buenos Aires,Sugar,12.3,0.0846,2016-05-15,14.0375,0.8762,145.3901
406,Greater Buenos Aires,Milk,15.65,0.1076,2016-05-15,14.0375,1.1149,145.4461
405,Greater Buenos Aires,Wheat flour,8.67,0.0596,2016-05-15,14.0375,0.6176,145.4698
403,Greater Buenos Aires,Potatoes,9.44,0.0649,2016-05-15,14.0375,0.6725,145.4545
402,Greater Buenos Aires,Bread,30.85,0.2121,2016-05-15,14.0375,2.1977,145.4503
401,Buenos Aires,Wheat flour,4.2,0.0289,2016-05-15,14.0375,0.2992,145.3287
400,Buenos Aires,Wheat,2.56,0.0176,2016-05-15,14.0375,0.1824,145.4545
404,Greater Buenos Aires,Rice (white),16.32,0.1122,2016-05-15,14.0375,1.1626,145.4545
414,Greater Buenos Aires,Wheat flour,9.19,0.0632,2016-06-15,13.7385,0.6689,145.4114
416,Greater Buenos Aires,Sugar,12.51,0.086,2016-06-15,13.7385,0.9106,145.4651
415,Greater Buenos Aires,Milk,16.07,0.1105,2016-06-15,13.7385,1.1697,145.4299
413,Greater Buenos Aires,Rice (white),16.6,0.1142,2016-06-15,13.7385,1.2083,145.359
417,Rosario,Maize (yellow),2.68,0.0184,2016-06-15,13.7385,0.1951,145.6522
411,Greater Buenos Aires,Bread,32.56,0.2239,2016-06-15,13.7385,2.37,145.4221
409,Buenos Aires,Wheat,2.69,0.0185,2016-06-15,13.7385,0.1958,145.4054
412,Greater Buenos Aires,Potatoes,11.06,0.0761,2016-06-15,13.7385,0.805,145.3351
410,Buenos Aires,Wheat flour,5.0,0.0344,2016-06-15,13.7385,0.3639,145.3488
418,Buenos Aires,Wheat,2.63,0.0181,2016-07-15,14.932,0.1761,145.3039
419,Buenos Aires,Wheat flour,5.08,0.0349,2016-07-15,14.932,0.3402,145.5587
420,Greater Buenos Aires,Bread,33.07,0.2274,2016-07-15,14.932,2.2147,145.4266
421,Greater Buenos Aires,Potatoes,11.91,0.0819,2016-07-15,14.932,0.7976,145.4212
423,Greater Buenos Aires,Wheat flour,9.48,0.0652,2016-07-15,14.932,0.6349,145.3988
424,Greater Buenos Aires,Milk,16.53,0.1137,2016-07-15,14.932,1.107,145.3826
425,Greater Buenos Aires,Sugar,12.76,0.0877,2016-07-15,14.932,0.8545,145.496
426,Rosario,Maize (yellow),2.68,0.0185,2016-07-15,14.932,0.1795,144.8649
422,Greater Buenos Aires,Rice (white),16.81,0.1156,2016-07-15,14.932,1.1258,145.4152
435,Rosario,Maize (yellow),2.41,0.0166,2016-08-15,14.669,0.1643,145.1807
432,Greater Buenos Aires,Wheat flour,10.14,0.0697,2016-08-15,14.669,0.6913,145.4806
434,Greater Buenos Aires,Sugar,13.49,0.0928,2016-08-15,14.669,0.9196,145.3664
433,Greater Buenos Aires,Milk,16.84,0.1158,2016-08-15,14.669,1.148,145.4231
431,Greater Buenos Aires,Rice (white),17.24,0.1186,2016-08-15,14.669,1.1753,145.3626
429,Greater Buenos Aires,Bread,33.96,0.2335,2016-08-15,14.669,2.3151,145.439
428,Buenos Aires,Wheat flour,5.5,0.0378,2016-08-15,14.669,0.3749,145.5026
427,Buenos Aires,Wheat,2.43,0.0167,2016-08-15,14.669,0.1657,145.509
430,Greater Buenos Aires,Potatoes,11.67,0.0803,2016-08-15,14.669,0.7956,145.33
443,Greater Buenos Aires,Sugar,14.9,0.1025,2016-09-15,15.0605,0.9893,145.3659
442,Greater Buenos Aires,Milk,17.03,0.1171,2016-09-15,15.0605,1.1308,145.4313
441,Greater Buenos Aires,Wheat flour,10.47,0.072,2016-09-15,15.0605,0.6952,145.4167
440,Greater Buenos Aires,Rice (white),18.18,0.125,2016-09-15,15.0605,1.2071,145.44
438,Greater Buenos Aires,Bread,34.29,0.2358,2016-09-15,15.0605,2.2768,145.4198
437,Buenos Aires,Wheat flour,5.5,0.0378,2016-09-15,15.0605,0.3652,145.5026
436,Buenos Aires,Wheat,2.2,0.0151,2016-09-15,15.0605,0.1461,145.6954
439,Greater Buenos Aires,Potatoes,11.95,0.0822,2016-09-15,15.0605,0.7935,145.3771
444,Rosario,Maize (yellow),2.43,0.0167,2016-09-15,15.0605,0.1613,145.509
449,Greater Buenos Aires,Rice (white),18.49,0.1271,2016-10-15,15.0605,1.2277,145.476
452,Greater Buenos Aires,Sugar,15.7,0.108,2016-10-15,15.0605,1.0425,145.3704
451,Greater Buenos Aires,Milk,17.55,0.1207,2016-10-15,15.0605,1.1653,145.4018
450,Greater Buenos Aires,Wheat flour,10.42,0.0717,2016-10-15,15.0605,0.6919,145.3278
448,Greater Buenos Aires,Potatoes,12.55,0.0863,2016-10-15,15.0605,0.8333,145.4229
446,Buenos Aires,Wheat flour,5.5,0.0378,2016-10-15,15.0605,0.3652,145.5026
445,Buenos Aires,Wheat,2.23,0.0154,2016-10-15,15.0605,0.1481,144.8052
447,Greater Buenos Aires,Bread,33.94,0.2334,2016-10-15,15.0605,2.2536,145.4156
460,Greater Buenos Aires,Sugar,16.29,0.112,2016-11-15,15.485,1.052,145.4464
459,Greater Buenos Aires,Milk,17.92,0.1232,2016-11-15,15.485,1.1572,145.4545
458,Greater Buenos Aires,Wheat flour,10.39,0.0714,2016-11-15,15.485,0.671,145.5182
457,Greater Buenos Aires,Rice (white),18.94,0.1302,2016-11-15,15.485,1.2231,145.4685
461,Rosario,Maize (yellow),2.59,0.0178,2016-11-15,15.485,0.1673,145.5056
455,Greater Buenos Aires,Bread,33.96,0.2335,2016-11-15,15.485,2.1931,145.439
454,Buenos Aires,Wheat flour,5.98,0.0411,2016-11-15,15.485,0.3862,145.4988
453,Buenos Aires,Wheat,2.24,0.0154,2016-11-15,15.485,0.1447,145.4545
456,Greater Buenos Aires,Potatoes,11.78,0.081,2016-11-15,15.485,0.7607,145.4321
462,Buenos Aires,Wheat,2.29,0.0158,2016-12-15,15.9575,0.1435,144.9367
463,Buenos Aires,Wheat flour,6.0,0.0413,2016-12-15,15.9575,0.376,145.2785
464,Greater Buenos Aires,Bread,34.28,0.2357,2016-12-15,15.9575,2.1482,145.4391
465,Greater Buenos Aires,Potatoes,11.59,0.0797,2016-12-15,15.9575,0.7263,145.4203
466,Greater Buenos Aires,Rice (white),19.46,0.1338,2016-12-15,15.9575,1.2195,145.441
467,Greater Buenos Aires,Wheat flour,10.36,0.0712,2016-12-15,15.9575,0.6492,145.5056
468,Greater Buenos Aires,Milk,18.05,0.1241,2016-12-15,15.9575,1.1311,145.4472
469,Greater Buenos Aires,Sugar,16.7,0.1148,2016-12-15,15.9575,1.0465,145.4704
479,Rosario,Maize (yellow),2.68,0.0185,2017-01-15,15.9575,0.1679,144.8649
478,Greater Buenos Aires,Sugar,17.23,0.1185,2017-01-15,15.9575,1.0797,145.4008
477,Greater Buenos Aires,Milk,18.6,0.1279,2017-01-15,15.9575,1.1656,145.4261
475,Greater Buenos Aires,Wheat flour,10.53,0.0724,2017-01-15,15.9575,0.6599,145.442
476,Greater Buenos Aires,Meat (beef),63.07,0.4337,2017-01-15,15.9575,3.9524,145.4231
473,Greater Buenos Aires,Potatoes,12.45,0.0856,2017-01-15,15.9575,0.7802,145.4439
472,Greater Buenos Aires,Bread,34.83,0.2395,2017-01-15,15.9575,2.1827,145.428
471,Buenos Aires,Wheat flour,6.0,0.0413,2017-01-15,15.9575,0.376,145.2785
470,Buenos Aires,Wheat,2.6,0.0179,2017-01-15,15.9575,0.1629,145.2514
474,Greater Buenos Aires,Rice (white),19.5,0.1341,2017-01-15,15.9575,1.222,145.4139
488,Greater Buenos Aires,Sugar,17.64,0.1213,2017-02-15,15.367,1.1479,145.4246
487,Greater Buenos Aires,Milk,18.86,0.1297,2017-02-15,15.367,1.2273,145.4125
486,Greater Buenos Aires,Meat (beef),62.91,0.4326,2017-02-15,15.367,4.0938,145.423
485,Greater Buenos Aires,Wheat flour,10.49,0.0721,2017-02-15,15.367,0.6826,145.4924
489,Rosario,Maize (yellow),2.47,0.017,2017-02-15,15.367,0.1607,145.2941
483,Greater Buenos Aires,Potatoes,13.67,0.094,2017-02-15,15.367,0.8896,145.4255
482,Greater Buenos Aires,Bread,35.6,0.2448,2017-02-15,15.367,2.3167,145.4248
481,Buenos Aires,Wheat flour,5.84,0.0402,2017-02-15,15.367,0.38,145.2736
480,Buenos Aires,Wheat,2.66,0.0183,2017-02-15,15.367,0.1731,145.3552
484,Greater Buenos Aires,Rice (white),19.94,0.1371,2017-02-15,15.367,1.2976,145.4413
499,Rosario,Maize (yellow),2.33,0.0161,2017-03-15,15.564,0.1497,144.7205
498,Greater Buenos Aires,Sugar,17.93,0.1233,2017-03-15,15.564,1.152,145.4177
497,Greater Buenos Aires,Milk,19.13,0.1316,2017-03-15,15.564,1.2291,145.3647
496,Greater Buenos Aires,Meat (beef),68.42,0.4705,2017-03-15,15.564,4.396,145.4198
495,Greater Buenos Aires,Wheat flour,10.5,0.0722,2017-03-15,15.564,0.6746,145.4294
494,Greater Buenos Aires,Rice (white),20.16,0.1386,2017-03-15,15.564,1.2953,145.4545
492,Greater Buenos Aires,Bread,37.53,0.2581,2017-03-15,15.564,2.4113,145.4088
491,Buenos Aires,Wheat flour,5.8,0.0399,2017-03-15,15.564,0.3727,145.3634
490,Buenos Aires,Wheat,2.62,0.018,2017-03-15,15.564,0.1683,145.5556
493,Greater Buenos Aires,Potatoes,14.0,0.0963,2017-03-15,15.564,0.8995,145.379
506,Greater Buenos Aires,Meat (beef),70.84,0.4871,2017-04-15,15.564,4.5515,145.4321
508,Greater Buenos Aires,Sugar,18.44,0.1268,2017-04-15,15.564,1.1848,145.4259
507,Greater Buenos Aires,Milk,19.98,0.1374,2017-04-15,15.564,1.2837,145.4148
505,Greater Buenos Aires,Wheat flour,10.5,0.0722,2017-04-15,15.564,0.6746,145.4294
509,Rosario,Maize (yellow),2.35,0.0162,2017-04-15,15.564,0.151,145.0617
503,Greater Buenos Aires,Potatoes,14.67,0.1009,2017-04-15,15.564,0.9426,145.3915
502,Greater Buenos Aires,Bread,38.19,0.2626,2017-04-15,15.564,2.4537,145.4303
501,Buenos Aires,Wheat flour,5.8,0.0399,2017-04-15,15.564,0.3727,145.3634
500,Buenos Aires,Wheat,2.6,0.0179,2017-04-15,15.564,0.1671,145.2514
504,Greater Buenos Aires,Rice (white),20.22,0.139,2017-04-15,15.564,1.2992,145.4676
517,Greater Buenos Aires,Sugar,18.86,0.1297,2017-05-15,15.5288,1.2145,145.4125
516,Greater Buenos Aires,Milk,20.36,0.14,2017-05-15,15.5288,1.3111,145.4286
518,Rosario,Maize (yellow),2.37,0.0163,2017-05-15,15.5288,0.1526,145.3988
515,Greater Buenos Aires,Wheat flour,10.54,0.0725,2017-05-15,15.5288,0.6787,145.3793
511,Buenos Aires,Wheat flour,5.8,0.0399,2017-05-15,15.5288,0.3735,145.3634
513,Greater Buenos Aires,Potatoes,14.78,0.1016,2017-05-15,15.5288,0.9518,145.4724
512,Greater Buenos Aires,Bread,38.24,0.263,2017-05-15,15.5288,2.4625,145.3992
514,Greater Buenos Aires,Rice (white),20.47,0.1408,2017-05-15,15.5288,1.3182,145.3835
510,Buenos Aires,Wheat,2.67,0.0183,2017-05-15,15.5288,0.1719,145.9016
527,Rosario,Maize (yellow),2.27,0.0156,2017-06-15,15.968,0.1422,145.5128
526,Greater Buenos Aires,Sugar,19.16,0.1318,2017-06-15,15.968,1.1999,145.3718
525,Greater Buenos Aires,Milk,20.96,0.1441,2017-06-15,15.968,1.3126,145.4545
524,Greater Buenos Aires,Wheat flour,10.67,0.0734,2017-06-15,15.968,0.6682,145.3678
523,Greater Buenos Aires,Rice (white),20.96,0.1441,2017-06-15,15.968,1.3126,145.4545
522,Greater Buenos Aires,Potatoes,13.9,0.0956,2017-06-15,15.968,0.8705,145.3975
521,Greater Buenos Aires,Bread,38.64,0.2657,2017-06-15,15.968,2.4198,145.4272
520,Buenos Aires,Wheat flour,5.8,0.0399,2017-06-15,15.968,0.3632,145.3634
519,Buenos Aires,Wheat,2.72,0.0187,2017-06-15,15.968,0.1703,145.4545
536,Rosario,Maize (yellow),2.43,0.0167,2017-07-15,15.968,0.1522,145.509
535,Greater Buenos Aires,Sugar,19.37,0.1332,2017-07-15,15.968,1.2131,145.4204
534,Greater Buenos Aires,Milk,21.53,0.1481,2017-07-15,15.968,1.3483,145.3747
533,Greater Buenos Aires,Wheat flour,10.61,0.073,2017-07-15,15.968,0.6645,145.3425
532,Greater Buenos Aires,Rice (white),21.08,0.145,2017-07-15,15.968,1.3201,145.3793
531,Greater Buenos Aires,Potatoes,14.48,0.0996,2017-07-15,15.968,0.9068,145.3815
530,Greater Buenos Aires,Bread,39.12,0.269,2017-07-15,15.968,2.4499,145.4275
529,Buenos Aires,Wheat flour,5.8,0.0399,2017-07-15,15.968,0.3632,145.3634
528,Buenos Aires,Wheat,3.02,0.0207,2017-07-15,15.968,0.1891,145.8937
545,Rosario,Maize (yellow),2.38,0.0163,2017-08-15,17.07,0.1394,146.0123
544,Greater Buenos Aires,Sugar,19.58,0.1346,2017-08-15,17.07,1.147,145.4681
543,Greater Buenos Aires,Milk,21.72,0.1494,2017-08-15,17.07,1.2724,145.3815
542,Greater Buenos Aires,Wheat flour,10.65,0.0732,2017-08-15,17.07,0.6239,145.4918
541,Greater Buenos Aires,Rice (white),21.25,0.1461,2017-08-15,17.07,1.2449,145.4483
540,Greater Buenos Aires,Potatoes,14.35,0.0987,2017-08-15,17.07,0.8407,145.3901
539,Greater Buenos Aires,Bread,39.43,0.2711,2017-08-15,17.07,2.3099,145.4445
538,Buenos Aires,Wheat flour,5.8,0.0399,2017-08-15,17.07,0.3398,145.3634
537,Buenos Aires,Wheat,3.02,0.0208,2017-08-15,17.07,0.1769,145.1923
555,Rosario,Maize (yellow),2.39,0.0164,2017-09-15,16.975,0.1408,145.7317
554,Greater Buenos Aires,Sugar,19.78,0.136,2017-09-15,16.975,1.1652,145.4412
553,Greater Buenos Aires,Milk,21.81,0.15,2017-09-15,16.975,1.2848,145.4
552,Greater Buenos Aires,Meat (beef),73.28,0.5039,2017-09-15,16.975,4.3169,145.4257
551,Greater Buenos Aires,Wheat flour,10.66,0.0733,2017-09-15,16.975,0.628,145.4297
546,Buenos Aires,Wheat,2.82,0.0194,2017-09-15,16.975,0.1661,145.3608
549,Greater Buenos Aires,Potatoes,14.37,0.0988,2017-09-15,16.975,0.8465,145.4453
548,Greater Buenos Aires,Bread,39.71,0.2731,2017-09-15,16.975,2.3393,145.4046
547,Buenos Aires,Wheat flour,5.8,0.0399,2017-09-15,16.975,0.3417,145.3634
550,Greater Buenos Aires,Rice (white),21.49,0.1478,2017-09-15,16.975,1.266,145.3992
563,Greater Buenos Aires,Sugar,20.12,0.1384,2017-10-15,16.975,1.1853,145.3757
562,Greater Buenos Aires,Milk,21.95,0.1509,2017-10-15,16.975,1.2931,145.4606
561,Greater Buenos Aires,Wheat flour,10.61,0.073,2017-10-15,16.975,0.625,145.3425
560,Greater Buenos Aires,Rice (white),21.74,0.1495,2017-10-15,16.975,1.2807,145.4181
564,Rosario,Maize (yellow),2.44,0.0168,2017-10-15,16.975,0.1437,145.2381
558,Greater Buenos Aires,Bread,39.89,0.2743,2017-10-15,16.975,2.3499,145.4247
557,Buenos Aires,Wheat flour,5.8,0.0399,2017-10-15,16.975,0.3417,145.3634
556,Buenos Aires,Wheat,2.96,0.0204,2017-10-15,16.975,0.1744,145.098
559,Greater Buenos Aires,Potatoes,15.34,0.1055,2017-10-15,16.975,0.9037,145.4028
573,Rosario,Maize (yellow),2.44,0.0168,2017-11-15,17.517,0.1393,145.2381
572,Greater Buenos Aires,Sugar,20.7,0.1423,2017-11-15,17.517,1.1817,145.4673
571,Greater Buenos Aires,Milk,22.63,0.1556,2017-11-15,17.517,1.2919,145.437
570,Greater Buenos Aires,Wheat flour,10.81,0.0743,2017-11-15,17.517,0.6171,145.4913
569,Greater Buenos Aires,Rice (white),21.74,0.1495,2017-11-15,17.517,1.2411,145.4181
567,Greater Buenos Aires,Bread,40.24,0.2767,2017-11-15,17.517,2.2972,145.4283
566,Buenos Aires,Wheat flour,5.8,0.0399,2017-11-15,17.517,0.3311,145.3634
565,Buenos Aires,Wheat,2.9,0.0199,2017-11-15,17.517,0.1656,145.7286
568,Greater Buenos Aires,Potatoes,18.7,0.1286,2017-11-15,17.517,1.0675,145.4121
579,Greater Buenos Aires,Wheat flour,11.03,0.0758,2017-12-15,17.5075,0.63,145.5145
581,Greater Buenos Aires,Sugar,21.59,0.1485,2017-12-15,17.5075,1.2332,145.3872
580,Greater Buenos Aires,Milk,22.8,0.1568,2017-12-15,17.5075,1.3023,145.4082
578,Greater Buenos Aires,Rice (white),22.1,0.152,2017-12-15,17.5075,1.2623,145.3947
577,Greater Buenos Aires,Potatoes,18.65,0.1283,2017-12-15,17.5075,1.0653,145.3624
576,Greater Buenos Aires,Bread,40.55,0.2788,2017-12-15,17.5075,2.3162,145.4448
575,Buenos Aires,Wheat flour,5.8,0.0399,2017-12-15,17.5075,0.3313,145.3634
574,Buenos Aires,Wheat,2.86,0.0197,2017-12-15,17.5075,0.1634,145.1777
590,Greater Buenos Aires,Sugar,22.58,0.1553,2018-01-15,18.735,1.2052,145.396
589,Greater Buenos Aires,Milk,22.98,0.158,2018-01-15,18.735,1.2266,145.443
588,Greater Buenos Aires,Meat (beef),72.19,0.4964,2018-01-15,18.735,3.8532,145.4271
587,Greater Buenos Aires,Wheat flour,11.2,0.077,2018-01-15,18.735,0.5978,145.4545
591,Rosario,Maize (yellow),2.9,0.02,2018-01-15,18.735,0.1548,145.0
585,Greater Buenos Aires,Potatoes,17.64,0.1213,2018-01-15,18.735,0.9416,145.4246
584,Greater Buenos Aires,Bread,41.29,0.2839,2018-01-15,18.735,2.2039,145.4385
583,Buenos Aires,Wheat flour,5.8,0.0399,2018-01-15,18.735,0.3096,145.3634
582,Buenos Aires,Wheat,3.24,0.0223,2018-01-15,18.735,0.1729,145.2915
586,Greater Buenos Aires,Rice (white),22.81,0.1569,2018-01-15,18.735,1.2175,145.3792
600,Rosario,Maize (yellow),3.27,0.0225,2018-02-15,19.655,0.1664,145.3333
599,Greater Buenos Aires,Sugar,23.57,0.1621,2018-02-15,19.655,1.1992,145.4041
598,Greater Buenos Aires,Milk,23.08,0.1587,2018-02-15,19.655,1.1743,145.4316
597,Greater Buenos Aires,Wheat flour,11.64,0.08,2018-02-15,19.655,0.5922,145.5
595,Greater Buenos Aires,Potatoes,16.64,0.1144,2018-02-15,19.655,0.8466,145.4545
594,Greater Buenos Aires,Bread,42.62,0.2931,2018-02-15,19.655,2.1684,145.4111
593,Buenos Aires,Wheat flour,5.8,0.0399,2018-02-15,19.655,0.2951,145.3634
592,Buenos Aires,Wheat,3.56,0.0245,2018-02-15,19.655,0.1811,145.3061
596,Greater Buenos Aires,Rice (white),23.22,0.1597,2018-02-15,19.655,1.1814,145.3976
607,Greater Buenos Aires,Meat (beef),77.08,0.5301,2018-03-15,20.315,3.7942,145.4065
610,Rosario,Maize (yellow),3.52,0.0242,2018-03-15,20.315,0.1733,145.4545
608,Greater Buenos Aires,Milk,23.26,0.16,2018-03-15,20.315,1.145,145.375
606,Greater Buenos Aires,Wheat flour,11.94,0.0821,2018-03-15,20.315,0.5877,145.4324
609,Greater Buenos Aires,Sugar,24.28,0.167,2018-03-15,20.315,1.1952,145.3892
604,Greater Buenos Aires,Potatoes,15.67,0.1078,2018-03-15,20.315,0.7714,145.3618
603,Greater Buenos Aires,Bread,44.38,0.3052,2018-03-15,20.315,2.1846,145.4128
602,Buenos Aires,Wheat flour,6.16,0.0424,2018-03-15,20.315,0.3032,145.283
601,Buenos Aires,Wheat,3.96,0.0272,2018-03-15,20.315,0.1949,145.5882
605,Greater Buenos Aires,Rice (white),23.84,0.1639,2018-03-15,20.315,1.1735,145.4545
619,Rosario,Maize (yellow),3.72,0.0256,2018-04-15,20.315,0.1831,145.3125
618,Greater Buenos Aires,Sugar,24.68,0.1697,2018-04-15,20.315,1.2149,145.4331
617,Greater Buenos Aires,Milk,23.84,0.1639,2018-04-15,20.315,1.1735,145.4545
616,Greater Buenos Aires,Wheat flour,12.72,0.0875,2018-04-15,20.315,0.6261,145.3714
614,Greater Buenos Aires,Potatoes,15.31,0.1053,2018-04-15,20.315,0.7536,145.3941
613,Greater Buenos Aires,Bread,45.83,0.3152,2018-04-15,20.315,2.256,145.3997
612,Buenos Aires,Wheat flour,7.42,0.051,2018-04-15,20.315,0.3652,145.4902
611,Buenos Aires,Wheat,4.6,0.0316,2018-04-15,20.315,0.2264,145.5696
615,Greater Buenos Aires,Rice (white),24.37,0.1676,2018-04-15,20.315,1.1996,145.4057
627,Rosario,Maize (yellow),4.31,0.0296,2018-05-15,24.0635,0.1791,145.6081
626,Greater Buenos Aires,Sugar,25.14,0.1729,2018-05-15,24.0635,1.0447,145.402
625,Greater Buenos Aires,Milk,23.89,0.1643,2018-05-15,24.0635,0.9928,145.4047
624,Greater Buenos Aires,Wheat flour,16.69,0.1148,2018-05-15,24.0635,0.6936,145.3833
622,Greater Buenos Aires,Potatoes,15.7,0.108,2018-05-15,24.0635,0.6524,145.3704
621,Greater Buenos Aires,Bread,49.81,0.3425,2018-05-15,24.0635,2.0699,145.4307
620,Buenos Aires,Wheat,6.05,0.0416,2018-05-15,24.0635,0.2514,145.4327
623,Greater Buenos Aires,Rice (white),24.64,0.1694,2018-05-15,24.0635,1.024,145.4545
628,Buenos Aires,Wheat,6.37,0.0438,2018-06-15,28.055,0.2271,145.4338
629,Greater Buenos Aires,Bread,55.19,0.3795,2018-06-15,28.055,1.9672,145.4282
630,Greater Buenos Aires,Potatoes,15.41,0.106,2018-06-15,28.055,0.5493,145.3774
631,Greater Buenos Aires,Rice (white),25.99,0.1787,2018-06-15,28.055,0.9264,145.4393
632,Greater Buenos Aires,Wheat flour,20.99,0.1443,2018-06-15,28.055,0.7482,145.4608
633,Greater Buenos Aires,Milk,24.58,0.169,2018-06-15,28.055,0.8761,145.4438
634,Greater Buenos Aires,Sugar,25.38,0.1745,2018-06-15,28.055,0.9047,145.4441
635,Rosario,Maize (yellow),4.32,0.0297,2018-06-15,28.055,0.154,145.4545
641,Greater Buenos Aires,Meat (beef),91.52,0.6294,2018-07-15,28.055,3.2622,145.4083
644,Rosario,Maize (yellow),4.39,0.0302,2018-07-15,28.055,0.1565,145.3642
643,Greater Buenos Aires,Sugar,25.38,0.1745,2018-07-15,28.055,0.9047,145.4441
640,Greater Buenos Aires,Wheat flour,23.35,0.1606,2018-07-15,28.055,0.8323,145.3923
642,Greater Buenos Aires,Milk,24.84,0.1708,2018-07-15,28.055,0.8854,145.4333
638,Greater Buenos Aires,Potatoes,15.81,0.1087,2018-07-15,28.055,0.5635,145.4462
636,Buenos Aires,Wheat,6.65,0.0457,2018-07-15,28.055,0.237,145.5142
639,Greater Buenos Aires,Rice (white),26.82,0.1844,2018-07-15,28.055,0.956,145.4447
637,Greater Buenos Aires,Bread,57.05,0.3923,2018-07-15,28.055,2.0335,145.4244
645,Buenos Aires,Wheat,7.09,0.0488,2018-08-15,29.875,0.2373,145.2869
646,Greater Buenos Aires,Bread,57.61,0.3962,2018-08-15,29.875,1.9284,145.4064
647,Greater Buenos Aires,Potatoes,16.06,0.1104,2018-08-15,29.875,0.5376,145.471
648,Greater Buenos Aires,Rice (white),28.7,0.1974,2018-08-15,29.875,0.9607,145.3901
649,Greater Buenos Aires,Wheat flour,24.09,0.1657,2018-08-15,29.875,0.8064,145.3832
650,Greater Buenos Aires,Meat (beef),95.14,0.6542,2018-08-15,29.875,3.1846,145.4295
651,Greater Buenos Aires,Milk,26.09,0.1794,2018-08-15,29.875,0.8733,145.4292
652,Greater Buenos Aires,Sugar,25.76,0.1771,2018-08-15,29.875,0.8623,145.4545
653,Rosario,Maize (yellow),4.76,0.0327,2018-08-15,29.875,0.1593,145.5657
662,Rosario,Maize (yellow),5.43,0.0373,2018-09-15,29.875,0.1818,145.5764
661,Greater Buenos Aires,Sugar,27.67,0.1903,2018-09-15,29.875,0.9262,145.402
660,Greater Buenos Aires,Milk,28.28,0.1945,2018-09-15,29.875,0.9466,145.3985
658,Greater Buenos Aires,Wheat flour,26.92,0.1851,2018-09-15,29.875,0.9011,145.4349
659,Greater Buenos Aires,Meat (beef),102.45,0.7045,2018-09-15,29.875,3.4293,145.4223
656,Greater Buenos Aires,Potatoes,16.15,0.1111,2018-09-15,29.875,0.5406,145.3645
655,Greater Buenos Aires,Bread,67.25,0.4625,2018-09-15,29.875,2.251,145.4054
654,Buenos Aires,Wheat,8.31,0.0572,2018-09-15,29.875,0.2782,145.2797
657,Greater Buenos Aires,Rice (white),33.39,0.2296,2018-09-15,29.875,1.1177,145.4268
663,Buenos Aires,Wheat,8.63,0.0594,2018-10-15,36.69,0.2352,145.2862
664,Greater Buenos Aires,Bread,71.9,0.4944,2018-10-15,36.69,1.9597,145.4288
665,Greater Buenos Aires,Potatoes,21.83,0.1501,2018-10-15,36.69,0.595,145.4364
666,Greater Buenos Aires,Rice (white),35.53,0.2443,2018-10-15,36.69,0.9684,145.4359
667,Greater Buenos Aires,Wheat flour,29.19,0.2007,2018-10-15,36.69,0.7956,145.441
668,Greater Buenos Aires,Milk,30.66,0.2108,2018-10-15,36.69,0.8357,145.4459
669,Greater Buenos Aires,Sugar,28.03,0.1928,2018-10-15,36.69,0.764,145.3838
670,Rosario,Maize (yellow),5.05,0.0347,2018-10-15,36.69,0.1376,145.5331
676,Greater Buenos Aires,Milk,31.3,0.2152,2018-11-15,36.0435,0.8684,145.4461
678,Rosario,Maize (yellow),4.91,0.0338,2018-11-15,36.0435,0.1362,145.2663
677,Greater Buenos Aires,Sugar,28.26,0.1943,2018-11-15,36.0435,0.7841,145.4452
674,Greater Buenos Aires,Rice (white),37.65,0.2589,2018-11-15,36.0435,1.0446,145.4229
673,Greater Buenos Aires,Potatoes,28.64,0.1969,2018-11-15,36.0435,0.7946,145.4545
672,Greater Buenos Aires,Bread,72.63,0.4995,2018-11-15,36.0435,2.0151,145.4054
671,Buenos Aires,Wheat,7.29,0.0501,2018-11-15,36.0435,0.2023,145.509
675,Greater Buenos Aires,Wheat flour,30.23,0.2079,2018-11-15,36.0435,0.8387,145.4064
679,Buenos Aires,Wheat,7.57,0.052,2018-12-15,36.0435,0.21,145.5769
680,Greater Buenos Aires,Bread,73.49,0.5054,2018-12-15,36.0435,2.0389,145.4096
681,Greater Buenos Aires,Potatoes,23.45,0.1613,2018-12-15,36.0435,0.6506,145.3813
682,Greater Buenos Aires,Rice (white),38.61,0.2655,2018-12-15,36.0435,1.0712,145.4237
683,Greater Buenos Aires,Wheat flour,30.32,0.2085,2018-12-15,36.0435,0.8412,145.4197
684,Greater Buenos Aires,Milk,33.52,0.2305,2018-12-15,36.0435,0.93,145.423
685,Greater Buenos Aires,Sugar,28.81,0.1981,2018-12-15,36.0435,0.7993,145.4316
690,Greater Buenos Aires,Wheat flour,30.81,0.2119,2019-01-15,37.1145,0.8301,145.3988
693,Rosario,Maize (yellow),5.58,0.0384,2019-01-15,37.1145,0.1503,145.3125
692,Greater Buenos Aires,Sugar,29.64,0.2038,2019-01-15,37.1145,0.7986,145.4367
691,Greater Buenos Aires,Milk,35.36,0.2432,2019-01-15,37.1145,0.9527,145.3947
689,Greater Buenos Aires,Rice (white),39.39,0.2709,2019-01-15,37.1145,1.0613,145.4042
688,Greater Buenos Aires,Potatoes,22.45,0.1544,2019-01-15,37.1145,0.6049,145.4016
687,Greater Buenos Aires,Bread,75.04,0.516,2019-01-15,37.1145,2.0219,145.4264
686,Buenos Aires,Wheat,7.91,0.0544,2019-01-15,37.1145,0.2131,145.4044
694,Buenos Aires,Wheat,7.79,0.0536,2019-02-15,38.61,0.2018,145.3358
695,Greater Buenos Aires,Bread,76.94,0.5291,2019-02-15,38.61,1.9927,145.4167
696,Greater Buenos Aires,Potatoes,20.33,0.1398,2019-02-15,38.61,0.5265,145.422
697,Greater Buenos Aires,Rice (white),40.6,0.2792,2019-02-15,38.61,1.0515,145.4155
698,Greater Buenos Aires,Wheat flour,31.28,0.2151,2019-02-15,38.61,0.8102,145.4207
699,Greater Buenos Aires,Milk,36.25,0.2493,2019-02-15,38.61,0.9389,145.4071
700,Greater Buenos Aires,Sugar,30.14,0.2073,2019-02-15,38.61,0.7806,145.3932
701,Rosario,Maize (yellow),5.28,0.0363,2019-02-15,38.61,0.1368,145.4545
707,Greater Buenos Aires,Milk,39.65,0.2727,2019-03-15,39.98,0.9917,145.3979
706,Greater Buenos Aires,Wheat flour,31.56,0.217,2019-03-15,39.98,0.7894,145.4378
708,Greater Buenos Aires,Sugar,31.63,0.2175,2019-03-15,39.98,0.7911,145.4253
709,Rosario,Maize (yellow),5.69,0.0391,2019-03-15,39.98,0.1423,145.5243
705,Greater Buenos Aires,Rice (white),40.94,0.2815,2019-03-15,39.98,1.024,145.4352
703,Greater Buenos Aires,Bread,79.9,0.5494,2019-03-15,39.98,1.9985,145.4314
704,Greater Buenos Aires,Potatoes,21.22,0.1459,2019-03-15,39.98,0.5308,145.4421
702,Buenos Aires,Wheat,8.07,0.0555,2019-03-15,39.98,0.2019,145.4054
710,Buenos Aires,Wheat,8.42,0.0579,2019-04-15,41.576,0.2025,145.4231
711,Greater Buenos Aires,Bread,81.56,0.5609,2019-04-15,41.576,1.9617,145.4092
712,Greater Buenos Aires,Potatoes,20.83,0.1432,2019-04-15,41.576,0.501,145.4609
713,Greater Buenos Aires,Rice (white),42.2,0.2902,2019-04-15,41.576,1.015,145.417
714,Greater Buenos Aires,Wheat flour,31.69,0.2179,2019-04-15,41.576,0.7622,145.4337
715,Greater Buenos Aires,Milk,42.25,0.2905,2019-04-15,41.576,1.0162,145.4389
716,Greater Buenos Aires,Sugar,33.86,0.2328,2019-04-15,41.576,0.8144,145.4467
717,Rosario,Maize (yellow),5.72,0.0394,2019-04-15,41.576,0.1376,145.1777
723,Greater Buenos Aires,Milk,44.32,0.3048,2019-05-15,44.912,0.9868,145.4068
725,Rosario,Maize (yellow),6.39,0.044,2019-05-15,44.912,0.1423,145.2273
724,Greater Buenos Aires,Sugar,36.17,0.2487,2019-05-15,44.912,0.8054,145.4363
722,Greater Buenos Aires,Wheat flour,33.15,0.228,2019-05-15,44.912,0.7381,145.3947
720,Greater Buenos Aires,Potatoes,21.06,0.1448,2019-05-15,44.912,0.4689,145.442
719,Greater Buenos Aires,Bread,83.89,0.5769,2019-05-15,44.912,1.8679,145.4151
718,Buenos Aires,Wheat,9.1,0.0626,2019-05-15,44.912,0.2026,145.3674
721,Greater Buenos Aires,Rice (white),44.27,0.3044,2019-05-15,44.912,0.9857,145.4336
726,Buenos Aires,Wheat,9.59,0.066,2019-06-15,44.912,0.2135,145.303
727,Greater Buenos Aires,Bread,87.52,0.6018,2019-06-15,44.912,1.9487,145.4304
728,Greater Buenos Aires,Potatoes,22.62,0.1556,2019-06-15,44.912,0.5037,145.3728
729,Greater Buenos Aires,Rice (white),45.36,0.3119,2019-06-15,44.912,1.01,145.4312
730,Greater Buenos Aires,Wheat flour,34.3,0.2359,2019-06-15,44.912,0.7637,145.4006
731,Greater Buenos Aires,Milk,44.77,0.3079,2019-06-15,44.912,0.9968,145.4044
732,Greater Buenos Aires,Sugar,38.05,0.2617,2019-06-15,44.912,0.8472,145.3955
733,Rosario,Maize (yellow),6.77,0.0465,2019-06-15,44.912,0.1507,145.5914
739,Greater Buenos Aires,Meat (beef),141.22,0.9711,2019-07-15,42.296,3.3389,145.4227
741,Greater Buenos Aires,Sugar,39.17,0.2694,2019-07-15,42.296,0.9261,145.3972
740,Greater Buenos Aires,Milk,46.88,0.3224,2019-07-15,42.296,1.1084,145.4094
742,Rosario,Maize (yellow),6.43,0.0442,2019-07-15,42.296,0.152,145.4751
738,Greater Buenos Aires,Wheat flour,34.85,0.2397,2019-07-15,42.296,0.824,145.3901
736,Greater Buenos Aires,Potatoes,24.22,0.1666,2019-07-15,42.296,0.5726,145.3782
735,Greater Buenos Aires,Bread,88.68,0.6098,2019-07-15,42.296,2.0967,145.4247
734,Buenos Aires,Wheat,9.5,0.0653,2019-07-15,42.296,0.2246,145.4824
737,Greater Buenos Aires,Rice (white),45.83,0.3152,2019-07-15,42.296,1.0836,145.3997
751,Rosario,Maize (yellow),6.94,0.0477,2019-08-15,57.1,0.1215,145.4927
750,Greater Buenos Aires,Sugar,41.22,0.2835,2019-08-15,57.1,0.7219,145.3968
749,Greater Buenos Aires,Milk,48.37,0.3326,2019-08-15,57.1,0.8471,145.4299
748,Greater Buenos Aires,Meat (beef),147.85,1.0167,2019-08-15,57.1,2.5893,145.4215
747,Greater Buenos Aires,Wheat flour,36.04,0.2478,2019-08-15,57.1,0.6312,145.4399
745,Greater Buenos Aires,Potatoes,25.53,0.1756,2019-08-15,57.1,0.4471,145.3872
744,Greater Buenos Aires,Bread,92.16,0.6338,2019-08-15,57.1,1.614,145.4086
743,Buenos Aires,Wheat,11.05,0.076,2019-08-15,57.1,0.1935,145.3947
746,Greater Buenos Aires,Rice (white),48.48,0.3334,2019-08-15,57.1,0.849,145.4109
760,Rosario,Maize (yellow),7.33,0.0504,2019-09-15,57.1,0.1284,145.4365
759,Greater Buenos Aires,Sugar,42.13,0.2897,2019-09-15,57.1,0.7378,145.4263
758,Greater Buenos Aires,Milk,47.98,0.3299,2019-09-15,57.1,0.8403,145.438
757,Greater Buenos Aires,Meat (beef),156.25,1.0745,2019-09-15,57.1,2.7364,145.4165
754,Greater Buenos Aires,Potatoes,28.09,0.1932,2019-09-15,57.1,0.4919,145.3934
755,Greater Buenos Aires,Rice (white),49.5,0.3404,2019-09-15,57.1,0.8669,145.4172
753,Greater Buenos Aires,Bread,98.61,0.6781,2019-09-15,57.1,1.727,145.421
752,Buenos Aires,Wheat,11.62,0.0799,2019-09-15,57.1,0.2035,145.4318
756,Greater Buenos Aires,Wheat flour,38.34,0.2637,2019-09-15,57.1,0.6715,145.3925
761,Buenos Aires,Wheat,12.9,0.0887,2019-10-15,58.27,0.2214,145.434
762,Greater Buenos Aires,Bread,100.62,0.6919,2019-10-15,58.27,1.7268,145.4256
763,Greater Buenos Aires,Potatoes,27.23,0.1873,2019-10-15,58.27,0.4673,145.3817
764,Greater Buenos Aires,Rice (white),50.38,0.3464,2019-10-15,58.27,0.8646,145.4388
765,Greater Buenos Aires,Wheat flour,38.9,0.2675,2019-10-15,58.27,0.6676,145.4206
766,Greater Buenos Aires,Milk,48.97,0.3368,2019-10-15,58.27,0.8404,145.3979
767,Greater Buenos Aires,Sugar,42.31,0.291,2019-10-15,58.27,0.7261,145.3952
773,Greater Buenos Aires,Milk,50.04,0.3441,2019-11-15,59.488,0.8412,145.4228
774,Greater Buenos Aires,Sugar,43.12,0.2965,2019-11-15,59.488,0.7249,145.43
772,Greater Buenos Aires,Wheat flour,39.48,0.2715,2019-11-15,59.488,0.6637,145.4144
768,Buenos Aires,Wheat,11.6,0.0797,2019-11-15,59.488,0.195,145.5458
770,Greater Buenos Aires,Potatoes,28.35,0.195,2019-11-15,59.488,0.4766,145.3846
769,Greater Buenos Aires,Bread,106.12,0.7298,2019-11-15,59.488,1.7839,145.4097
771,Greater Buenos Aires,Rice (white),54.75,0.3765,2019-11-15,59.488,0.9204,145.4183
775,Buenos Aires,Wheat,10.62,0.073,2019-12-15,59.488,0.1785,145.4795
776,Greater Buenos Aires,Bread,108.02,0.7428,2019-12-15,59.488,1.8158,145.4227
777,Greater Buenos Aires,Potatoes,27.6,0.1898,2019-12-15,59.488,0.464,145.4162
778,Greater Buenos Aires,Rice (white),57.46,0.3951,2019-12-15,59.488,0.9659,145.4315
779,Greater Buenos Aires,Wheat flour,40.24,0.2767,2019-12-15,59.488,0.6764,145.4283
780,Greater Buenos Aires,Milk,50.98,0.3506,2019-12-15,59.488,0.857,145.4079
781,Greater Buenos Aires,Sugar,44.18,0.3038,2019-12-15,59.488,0.7427,145.4246
789,Rosario,Maize (yellow),9.22,0.0634,2020-01-15,59.77,0.1543,145.4259
788,Greater Buenos Aires,Sugar,50.66,0.3484,2020-01-15,59.77,0.8476,145.4076
787,Greater Buenos Aires,Milk,55.02,0.3784,2020-01-15,59.77,0.9205,145.4017
786,Greater Buenos Aires,Wheat flour,42.07,0.2893,2020-01-15,59.77,0.7039,145.42
784,Greater Buenos Aires,Potatoes,31.24,0.2148,2020-01-15,59.77,0.5227,145.4376
783,Greater Buenos Aires,Bread,111.25,0.765,2020-01-15,59.77,1.8613,145.4248
782,Buenos Aires,Wheat,12.09,0.0832,2020-01-15,59.77,0.2023,145.3125
785,Greater Buenos Aires,Rice (white),63.84,0.439,2020-01-15,59.77,1.0681,145.4214
790,Buenos Aires,Wheat,12.9,0.0887,2020-02-15,59.77,0.2158,145.434
791,Greater Buenos Aires,Bread,112.99,0.777,2020-02-15,59.77,1.8904,145.4183
792,Greater Buenos Aires,Potatoes,33.23,0.2285,2020-02-15,59.77,0.556,145.4267
793,Greater Buenos Aires,Rice (white),66.04,0.4541,2020-02-15,59.77,1.1049,145.4305
794,Greater Buenos Aires,Wheat flour,43.62,0.3,2020-02-15,59.77,0.7298,145.4
795,Greater Buenos Aires,Milk,54.01,0.3714,2020-02-15,59.77,0.9036,145.4227
796,Greater Buenos Aires,Sugar,56.99,0.3919,2020-02-15,59.77,0.9535,145.4197
797,Rosario,Maize (yellow),9.02,0.0621,2020-02-15,59.77,0.1509,145.2496
804,Greater Buenos Aires,Milk,55.72,0.3832,2020-03-15,59.77,0.9322,145.4071
806,Rosario,Maize (yellow),8.85,0.0609,2020-03-15,59.77,0.1481,145.3202
805,Greater Buenos Aires,Sugar,61.83,0.4252,2020-03-15,59.77,1.0345,145.4139
803,Greater Buenos Aires,Meat (beef),214.88,1.4777,2020-03-15,59.77,3.5951,145.4152
799,Greater Buenos Aires,Bread,116.37,0.8002,2020-03-15,59.77,1.947,145.4261
801,Greater Buenos Aires,Rice (white),67.75,0.4659,2020-03-15,59.77,1.1335,145.4175
800,Greater Buenos Aires,Potatoes,32.84,0.2258,2020-03-15,59.77,0.5494,145.4384
798,Buenos Aires,Wheat,13.17,0.0906,2020-03-15,59.77,0.2203,145.3642
802,Greater Buenos Aires,Wheat flour,43.43,0.2987,2020-03-15,59.77,0.7266,145.3967
815,Rosario,Maize (yellow),8.67,0.0596,2020-04-15,65.483,0.1324,145.4698
813,Greater Buenos Aires,Milk,54.84,0.3771,2020-04-15,65.483,0.8375,145.4256
812,Greater Buenos Aires,Meat (beef),227.42,1.5639,2020-04-15,65.483,3.473,145.4185
811,Greater Buenos Aires,Wheat flour,43.7,0.3005,2020-04-15,65.483,0.6673,145.4243
814,Greater Buenos Aires,Sugar,66.25,0.4556,2020-04-15,65.483,1.0117,145.4126
809,Greater Buenos Aires,Potatoes,36.65,0.252,2020-04-15,65.483,0.5597,145.4365
808,Greater Buenos Aires,Bread,116.52,0.8013,2020-04-15,65.483,1.7794,145.4137
807,Buenos Aires,Wheat,13.99,0.0962,2020-04-15,65.483,0.2136,145.4262
810,Greater Buenos Aires,Rice (white),70.13,0.4823,2020-04-15,65.483,1.071,145.4074
816,Buenos Aires,Wheat,14.26,0.0981,2020-05-15,67.585,0.211,145.3619
817,Greater Buenos Aires,Bread,113.97,0.7837,2020-05-15,67.585,1.6863,145.4255
818,Greater Buenos Aires,Potatoes,34.58,0.2378,2020-05-15,67.585,0.5117,145.4163
819,Greater Buenos Aires,Rice (white),70.22,0.4829,2020-05-15,67.585,1.039,145.4131
820,Greater Buenos Aires,Wheat flour,44.22,0.3041,2020-05-15,67.585,0.6543,145.4127
821,Greater Buenos Aires,Milk,54.58,0.3753,2020-05-15,67.585,0.8076,145.4303
822,Greater Buenos Aires,Sugar,65.43,0.4499,2020-05-15,67.585,0.9681,145.4323
823,Rosario,Maize (yellow),8.13,0.0559,2020-05-15,67.585,0.1203,145.4383
829,Greater Buenos Aires,Milk,54.87,0.3773,2020-06-15,69.231,0.7926,145.428
830,Greater Buenos Aires,Sugar,65.75,0.4521,2020-06-15,69.231,0.9497,145.4324
828,Greater Buenos Aires,Wheat flour,44.41,0.3054,2020-06-15,69.231,0.6415,145.4158
831,Rosario,Maize (yellow),8.64,0.0594,2020-06-15,69.231,0.1248,145.4545
826,Greater Buenos Aires,Potatoes,33.85,0.2328,2020-06-15,69.231,0.4889,145.4038
824,Buenos Aires,Wheat,14.52,0.0999,2020-06-15,69.231,0.2097,145.3453
827,Greater Buenos Aires,Rice (white),72.56,0.499,2020-06-15,69.231,1.0481,145.4108
825,Greater Buenos Aires,Bread,116.46,0.8009,2020-06-15,69.231,1.6822,145.4114
832,Buenos Aires,Wheat,14.71,0.1012,2020-07-15,71.207,0.2066,145.3557
833,Greater Buenos Aires,Bread,116.71,0.8026,2020-07-15,71.207,1.639,145.4149
834,Greater Buenos Aires,Potatoes,36.48,0.2509,2020-07-15,71.207,0.5123,145.3966
835,Greater Buenos Aires,Rice (white),73.25,0.5037,2020-07-15,71.207,1.0287,145.4239
836,Greater Buenos Aires,Wheat flour,45.62,0.3137,2020-07-15,71.207,0.6407,145.4256
837,Greater Buenos Aires,Milk,55.89,0.3843,2020-07-15,71.207,0.7849,145.4333
838,Greater Buenos Aires,Sugar,64.33,0.4424,2020-07-15,71.207,0.9034,145.4114
839,Rosario,Maize (yellow),9.55,0.0657,2020-07-15,71.207,0.1341,145.3577
845,Greater Buenos Aires,Milk,56.0,0.3851,2020-08-15,71.207,0.7864,145.4168
847,Rosario,Maize (yellow),10.48,0.0721,2020-08-15,71.207,0.1472,145.3537
846,Greater Buenos Aires,Sugar,62.97,0.433,2020-08-15,71.207,0.8843,145.4273
844,Greater Buenos Aires,Wheat flour,46.04,0.3166,2020-08-15,71.207,0.6466,145.4201
843,Greater Buenos Aires,Rice (white),73.8,0.5075,2020-08-15,71.207,1.0364,145.4187
842,Greater Buenos Aires,Potatoes,38.04,0.2616,2020-08-15,71.207,0.5342,145.4128
841,Greater Buenos Aires,Bread,116.91,0.804,2020-08-15,71.207,1.6418,145.4104
840,Buenos Aires,Wheat,15.27,0.105,2020-08-15,71.207,0.2144,145.4286
848,Buenos Aires,Wheat,16.42,0.1129,2020-09-15,75.13,0.2186,145.4384
849,Greater Buenos Aires,Bread,127.31,0.8755,2020-09-15,75.13,1.6945,145.414
850,Greater Buenos Aires,Potatoes,36.68,0.2522,2020-09-15,75.13,0.4882,145.4401
851,Greater Buenos Aires,Rice (white),75.75,0.5209,2020-09-15,75.13,1.0083,145.4214
852,Greater Buenos Aires,Wheat flour,46.12,0.3172,2020-09-15,75.13,0.6139,145.3972
853,Greater Buenos Aires,Milk,55.94,0.3847,2020-09-15,75.13,0.7446,145.412
854,Greater Buenos Aires,Sugar,64.01,0.4402,2020-09-15,75.13,0.852,145.4112
855,Rosario,Maize (yellow),12.26,0.0843,2020-09-15,75.13,0.1632,145.433
862,Greater Buenos Aires,Sugar,65.15,0.448,2020-10-15,77.47,0.841,145.4241
861,Greater Buenos Aires,Milk,57.05,0.3923,2020-10-15,77.47,0.7364,145.4244
860,Greater Buenos Aires,Wheat flour,47.66,0.3277,2020-10-15,77.47,0.6152,145.4379
863,Rosario,Maize (yellow),14.76,0.1015,2020-10-15,77.47,0.1905,145.4187
859,Greater Buenos Aires,Rice (white),80.55,0.5539,2020-10-15,77.47,1.0398,145.4234
857,Greater Buenos Aires,Bread,132.1,0.9084,2020-10-15,77.47,1.7052,145.4205
856,Buenos Aires,Wheat,17.74,0.122,2020-10-15,77.47,0.229,145.4098
858,Greater Buenos Aires,Potatoes,49.21,0.3384,2020-10-15,77.47,0.6352,145.4196
864,Buenos Aires,Wheat,17.84,0.1227,2020-11-15,77.47,0.2303,145.3953
865,Greater Buenos Aires,Bread,138.31,0.9511,2020-11-15,77.47,1.7853,145.4211
866,Greater Buenos Aires,Potatoes,57.26,0.3938,2020-11-15,77.47,0.7391,145.4038
867,Greater Buenos Aires,Rice (white),80.9,0.5563,2020-11-15,77.47,1.0443,145.4251
868,Greater Buenos Aires,Wheat flour,45.17,0.3106,2020-11-15,77.47,0.5831,145.4282
869,Greater Buenos Aires,Milk,57.45,0.3951,2020-11-15,77.47,0.7416,145.4062
870,Greater Buenos Aires,Sugar,64.48,0.4434,2020-11-15,77.47,0.8323,145.4217
871,Rosario,Maize (yellow),15.64,0.1076,2020-11-15,77.47,0.2019,145.3532
878,Greater Buenos Aires,Sugar,66.12,0.4547,2020-12-15,82.47,0.8017,145.4146
877,Greater Buenos Aires,Milk,57.3,0.394,2020-12-15,82.47,0.6948,145.4315
875,Greater Buenos Aires,Rice (white),81.76,0.5622,2020-12-15,82.47,0.9914,145.4287
876,Greater Buenos Aires,Wheat flour,42.55,0.2926,2020-12-15,82.47,0.5159,145.4204
873,Greater Buenos Aires,Bread,140.13,0.9636,2020-12-15,82.47,1.6992,145.4234
872,Buenos Aires,Wheat,18.05,0.1241,2020-12-15,82.47,0.2189,145.4472
874,Greater Buenos Aires,Potatoes,61.1,0.4202,2020-12-15,82.47,0.7409,145.4069
879,Buenos Aires,Wheat,19.3,0.1327,2021-01-15,85.73,0.2251,145.4408
880,Greater Buenos Aires,Bread,145.61,1.0013,2021-01-15,85.73,1.6985,145.421
881,Greater Buenos Aires,Potatoes,59.7,0.4105,2021-01-15,85.73,0.6964,145.4324
882,Greater Buenos Aires,Rice (white),81.53,0.5607,2021-01-15,85.73,0.951,145.4075
883,Greater Buenos Aires,Wheat flour,43.62,0.3,2021-01-15,85.73,0.5088,145.4
884,Greater Buenos Aires,Meat (beef),313.33,2.1547,2021-01-15,85.73,3.6548,145.417
885,Greater Buenos Aires,Milk,58.0,0.3988,2021-01-15,85.73,0.6765,145.4363
886,Greater Buenos Aires,Sugar,66.78,0.4592,2021-01-15,85.73,0.779,145.4268
887,Rosario,Maize (yellow),17.51,0.1204,2021-01-15,85.73,0.2042,145.4319
893,Greater Buenos Aires,Meat (beef),327.65,2.2531,2021-02-15,88.35,3.7085,145.4219
895,Greater Buenos Aires,Sugar,68.58,0.4716,2021-02-15,88.35,0.7762,145.4198
894,Greater Buenos Aires,Milk,62.05,0.4267,2021-02-15,88.35,0.7023,145.4183
892,Greater Buenos Aires,Wheat flour,45.06,0.3099,2021-02-15,88.35,0.51,145.4017
896,Rosario,Maize (yellow),18.0,0.1238,2021-02-15,88.35,0.2037,145.3958
890,Greater Buenos Aires,Potatoes,59.67,0.4103,2021-02-15,88.35,0.6754,145.4302
889,Greater Buenos Aires,Bread,151.12,1.0392,2021-02-15,88.35,1.7105,145.4196
888,Buenos Aires,Wheat,18.98,0.1305,2021-02-15,88.35,0.2148,145.4406
891,Greater Buenos Aires,Rice (white),81.61,0.5612,2021-02-15,88.35,0.9237,145.4205
905,Rosario,Maize (yellow),17.99,0.1237,2021-03-15,91.06,0.1976,145.4325
904,Greater Buenos Aires,Sugar,69.0,0.4745,2021-03-15,91.06,0.7577,145.4162
903,Greater Buenos Aires,Milk,69.52,0.4781,2021-03-15,91.06,0.7635,145.4089
902,Greater Buenos Aires,Meat (beef),355.55,2.445,2021-03-15,91.06,3.9046,145.4192
901,Greater Buenos Aires,Wheat flour,45.12,0.3103,2021-03-15,91.06,0.4955,145.4077
900,Greater Buenos Aires,Rice (white),84.36,0.5801,2021-03-15,91.06,0.9264,145.4232
899,Greater Buenos Aires,Potatoes,55.86,0.3841,2021-03-15,91.06,0.6134,145.4309
898,Greater Buenos Aires,Bread,157.27,1.0815,2021-03-15,91.06,1.7271,145.4184
897,Buenos Aires,Wheat,19.04,0.131,2021-03-15,91.06,0.2091,145.3435
913,Rosario,Maize (yellow),19.64,0.1351,2021-04-15,92.72,0.2118,145.3738
912,Greater Buenos Aires,Sugar,69.64,0.4789,2021-04-15,92.72,0.7511,145.4166
911,Greater Buenos Aires,Milk,76.35,0.525,2021-04-15,92.72,0.8234,145.4286
910,Greater Buenos Aires,Wheat flour,46.4,0.3191,2021-04-15,92.72,0.5004,145.409
908,Greater Buenos Aires,Potatoes,54.35,0.3737,2021-04-15,92.72,0.5862,145.4375
907,Greater Buenos Aires,Bread,164.72,1.1327,2021-04-15,92.72,1.7765,145.4224
906,Buenos Aires,Wheat,19.5,0.1341,2021-04-15,92.72,0.2103,145.4139
909,Greater Buenos Aires,Rice (white),96.38,0.6628,2021-04-15,92.72,1.0395,145.4134
914,Buenos Aires,Wheat,20.84,0.1433,2021-05-15,92.72,0.2248,145.4292
915,Greater Buenos Aires,Bread,172.29,1.1848,2021-05-15,92.72,1.8582,145.4169
916,Greater Buenos Aires,Potatoes,55.95,0.3848,2021-05-15,92.72,0.6034,145.4002
917,Greater Buenos Aires,Rice (white),108.97,0.7494,2021-05-15,92.72,1.1753,145.4097
918,Greater Buenos Aires,Wheat flour,49.51,0.3405,2021-05-15,92.72,0.534,145.4038
919,Greater Buenos Aires,Milk,77.21,0.5309,2021-05-15,92.72,0.8327,145.4323
920,Greater Buenos Aires,Sugar,69.58,0.4785,2021-05-15,92.72,0.7504,145.4127
921,Rosario,Maize (yellow),21.02,0.1445,2021-05-15,92.72,0.2267,145.4671
928,Greater Buenos Aires,Sugar,71.0,0.4882,2021-06-15,95.199,0.7458,145.4322
929,Rosario,Maize (yellow),18.91,0.13,2021-06-15,95.199,0.1986,145.4615
927,Greater Buenos Aires,Milk,84.0,0.5776,2021-06-15,95.199,0.8824,145.4294
926,Greater Buenos Aires,Wheat flour,51.0,0.3507,2021-06-15,95.199,0.5357,145.4234
925,Greater Buenos Aires,Rice (white),112.0,0.7702,2021-06-15,95.199,1.1765,145.4168
924,Greater Buenos Aires,Potatoes,53.0,0.3645,2021-06-15,95.199,0.5567,145.4047
923,Greater Buenos Aires,Bread,183.0,1.2584,2021-06-15,95.199,1.9223,145.4228
922,Buenos Aires,Wheat,20.51,0.141,2021-06-15,95.199,0.2154,145.461
938,Rosario,Maize (yellow),19.0,0.1307,2021-07-15,96.18,0.1975,145.3711
937,Greater Buenos Aires,Sugar,74.0,0.5089,2021-07-15,96.18,0.7694,145.4117
936,Greater Buenos Aires,Milk,85.0,0.5845,2021-07-15,96.18,0.8838,145.4234
935,Greater Buenos Aires,Meat (beef),430.0,2.957,2021-07-15,96.18,4.4708,145.4177
934,Greater Buenos Aires,Wheat flour,53.0,0.3645,2021-07-15,96.18,0.5511,145.4047
933,Greater Buenos Aires,Rice (white),112.0,0.7702,2021-07-15,96.18,1.1645,145.4168
932,Greater Buenos Aires,Potatoes,52.0,0.3576,2021-07-15,96.18,0.5407,145.4139
931,Greater Buenos Aires,Bread,185.0,1.2722,2021-07-15,96.18,1.9235,145.4174
930,Buenos Aires,Wheat,20.0,0.1375,2021-07-15,96.18,0.2079,145.4545
947,Rosario,Maize (yellow),19.0,0.1307,2021-08-15,96.18,0.1975,145.3711
946,Greater Buenos Aires,Sugar,76.0,0.5226,2021-08-15,96.18,0.7902,145.4267
945,Greater Buenos Aires,Milk,87.0,0.5983,2021-08-15,96.18,0.9046,145.412
944,Greater Buenos Aires,Meat (beef),415.0,2.8538,2021-08-15,96.18,4.3148,145.4201
943,Greater Buenos Aires,Wheat flour,54.0,0.3713,2021-08-15,96.18,0.5614,145.435
941,Greater Buenos Aires,Potatoes,50.0,0.3438,2021-08-15,96.18,0.5199,145.4334
940,Greater Buenos Aires,Bread,189.0,1.2997,2021-08-15,96.18,1.9651,145.4182
939,Buenos Aires,Wheat,21.0,0.1444,2021-08-15,96.18,0.2183,145.4294
942,Greater Buenos Aires,Rice (white),117.0,0.8046,2021-08-15,96.18,1.2165,145.4139
956,Rosario,Maize (yellow),20.0,0.1375,2021-09-15,98.054,0.204,145.4545
948,Buenos Aires,Wheat,23.0,0.1582,2021-09-15,98.054,0.2346,145.3856
949,Greater Buenos Aires,Bread,190.0,1.3066,2021-09-15,98.054,1.9377,145.4156
950,Greater Buenos Aires,Potatoes,51.0,0.3507,2021-09-15,98.054,0.5201,145.4234
951,Greater Buenos Aires,Rice (white),115.0,0.7908,2021-09-15,98.054,1.1728,145.4224
952,Greater Buenos Aires,Wheat flour,57.0,0.392,2021-09-15,98.054,0.5813,145.4082
953,Greater Buenos Aires,Meat (beef),431.0,2.9639,2021-09-15,98.054,4.3955,145.4165
954,Greater Buenos Aires,Milk,94.0,0.6464,2021-09-15,98.054,0.9587,145.4208
955,Greater Buenos Aires,Sugar,78.0,0.5364,2021-09-15,98.054,0.7955,145.4139
963,Greater Buenos Aires,Sugar,78.87,0.5424,2021-10-15,99.085,0.796,145.4093
962,Greater Buenos Aires,Milk,93.28,0.6415,2021-10-15,99.085,0.9414,145.4092
964,Rosario,Maize (yellow),19.0,0.1307,2021-10-15,99.085,0.1918,145.3711
961,Greater Buenos Aires,Wheat flour,59.29,0.4077,2021-10-15,99.085,0.5984,145.4256
957,Buenos Aires,Wheat,23.0,0.1582,2021-10-15,99.085,0.2321,145.3856
959,Greater Buenos Aires,Potatoes,52.86,0.3635,2021-10-15,99.085,0.5335,145.4195
960,Greater Buenos Aires,Rice (white),116.74,0.8028,2021-10-15,99.085,1.1782,145.416
958,Greater Buenos Aires,Bread,197.99,1.3615,2021-10-15,99.085,1.9982,145.4205
965,Buenos Aires,Wheat,24.33,0.1673,2021-11-15,100.27,0.2426,145.4274
966,Greater Buenos Aires,Bread,204.32,1.405,2021-11-15,100.27,2.0377,145.4235
967,Greater Buenos Aires,Potatoes,55.84,0.384,2021-11-15,100.27,0.5569,145.4167
968,Greater Buenos Aires,Rice (white),114.43,0.7869,2021-11-15,100.27,1.1412,145.4187
969,Greater Buenos Aires,Wheat flour,59.37,0.4083,2021-11-15,100.27,0.5921,145.4078
970,Greater Buenos Aires,Milk,89.46,0.6152,2021-11-15,100.27,0.8922,145.4161
971,Greater Buenos Aires,Sugar,79.26,0.545,2021-11-15,100.27,0.7905,145.4312
972,Rosario,Maize (yellow),20.23,0.1391,2021-11-15,100.27,0.2018,145.4349
977,Greater Buenos Aires,Wheat flour,59.46,0.4089,2021-12-15,101.82,0.584,145.4145
979,Greater Buenos Aires,Sugar,81.71,0.5619,2021-12-15,101.82,0.8025,145.4173
978,Greater Buenos Aires,Milk,90.29,0.6209,2021-12-15,101.82,0.8868,145.4179
976,Greater Buenos Aires,Rice (white),114.82,0.7896,2021-12-15,101.82,1.1277,145.4154
975,Greater Buenos Aires,Potatoes,53.71,0.3693,2021-12-15,101.82,0.5275,145.4373
974,Greater Buenos Aires,Bread,207.97,1.4301,2021-12-15,101.82,2.0425,145.4234
973,Buenos Aires,Wheat,24.88,0.1711,2021-12-15,101.82,0.2444,145.412
980,Buenos Aires,Wheat,24.59,0.1691,2022-01-15,101.82,0.2415,145.4169
981,Greater Buenos Aires,Bread,209.92,1.4436,2022-01-15,101.82,2.0617,145.4142
982,Greater Buenos Aires,Potatoes,61.33,0.4217,2022-01-15,101.82,0.6023,145.4351
983,Greater Buenos Aires,Rice (white),120.6,0.8293,2022-01-15,101.82,1.1844,145.4239
984,Greater Buenos Aires,Wheat flour,62.82,0.432,2022-01-15,101.82,0.617,145.4167
985,Greater Buenos Aires,Milk,91.22,0.6273,2022-01-15,101.82,0.8959,145.4169
986,Greater Buenos Aires,Sugar,83.75,0.5759,2022-01-15,101.82,0.8225,145.4246
987,Rosario,Maize (yellow),23.95,0.1647,2022-01-15,101.82,0.2352,145.4159
994,Greater Buenos Aires,Sugar,89.08,0.6126,2022-02-15,106.35,0.8376,145.413
993,Greater Buenos Aires,Milk,95.44,0.6563,2022-02-15,106.35,0.8974,145.4213
992,Greater Buenos Aires,Wheat flour,65.55,0.4508,2022-02-15,106.35,0.6164,145.4082
995,Rosario,Maize (yellow),25.58,0.1759,2022-02-15,106.35,0.2405,145.4235
991,Greater Buenos Aires,Rice (white),120.62,0.8295,2022-02-15,106.35,1.1342,145.4129
989,Greater Buenos Aires,Bread,225.82,1.5529,2022-02-15,106.35,2.1234,145.4182
988,Buenos Aires,Wheat,25.7,0.1767,2022-02-15,106.35,0.2417,145.4443
990,Greater Buenos Aires,Potatoes,71.35,0.4907,2022-02-15,106.35,0.6709,145.4045
996,Buenos Aires,Wheat,33.37,0.2295,2022-03-15,109.2,0.3056,145.4031
997,Greater Buenos Aires,Bread,265.71,1.8272,2022-03-15,109.2,2.4332,145.4192
998,Greater Buenos Aires,Potatoes,67.24,0.4624,2022-03-15,109.2,0.6158,145.4152
999,Greater Buenos Aires,Rice (white),124.5,0.8561,2022-03-15,109.2,1.1401,145.4269
1000,Greater Buenos Aires,Wheat flour,74.22,0.5104,2022-03-15,109.2,0.6797,145.4154
1001,Greater Buenos Aires,Milk,108.75,0.7478,2022-03-15,109.2,0.9959,145.4266
1002,Greater Buenos Aires,Sugar,98.46,0.6771,2022-03-15,109.2,0.9016,145.4143
1003,Rosario,Maize (yellow),30.12,0.2071,2022-03-15,109.2,0.2758,145.437
1011,Rosario,Maize (yellow),30.16,0.2074,2022-04-15,112.89,0.2672,145.4195
1010,Greater Buenos Aires,Sugar,110.09,0.7571,2022-04-15,112.89,0.9752,145.4101
1009,Greater Buenos Aires,Milk,117.5,0.808,2022-04-15,112.89,1.0408,145.4208
1008,Greater Buenos Aires,Wheat flour,86.18,0.5926,2022-04-15,112.89,0.7634,145.4269
1007,Greater Buenos Aires,Rice (white),127.08,0.8739,2022-04-15,112.89,1.1257,145.4171
1005,Greater Buenos Aires,Bread,295.24,2.0303,2022-04-15,112.89,2.6153,145.4169
1004,Buenos Aires,Wheat,37.55,0.2582,2022-04-15,112.89,0.3326,145.4299
1006,Greater Buenos Aires,Potatoes,68.2,0.469,2022-04-15,112.89,0.6041,145.4158
1012,Buenos Aires,Wheat,43.0,0.2957,2022-05-15,112.89,0.3809,145.4177
1013,Greater Buenos Aires,Bread,302.0,2.0768,2022-05-15,112.89,2.6752,145.416
1014,Greater Buenos Aires,Potatoes,71.0,0.4882,2022-05-15,112.89,0.6289,145.4322
1015,Greater Buenos Aires,Rice (white),131.0,0.9008,2022-05-15,112.89,1.1604,145.4263
1016,Greater Buenos Aires,Wheat flour,95.0,0.6533,2022-05-15,112.89,0.8415,145.4156
1017,Greater Buenos Aires,Milk,126.0,0.8665,2022-05-15,112.89,1.1161,145.4126
1018,Greater Buenos Aires,Sugar,123.0,0.8458,2022-05-15,112.89,1.0896,145.4245
1019,Rosario,Maize (yellow),32.0,0.2201,2022-05-15,112.89,0.2835,145.3885
1020,Buenos Aires,Wheat,43.0,0.2957,2022-06-15,122.69,0.3505,145.4177
1021,Rosario,Maize (yellow),31.0,0.2132,2022-06-15,122.69,0.2527,145.4034
